timestamp,sensor_id,vehicle_count,truck_ratio,temperature,precipitation,wind_speed,pm10_density
2025-07-01 00:00:00,BP_02,128,0.093,4.7,0.0,15.1,22.6
2025-07-01 00:00:00,RR_01,54,0.083,6.6,0.0,15.3,20.5
2025-07-01 01:00:00,BP_02,29,0.099,2.7,0.0,14.0,28.0
2025-07-01 01:00:00,RR_01,23,0.085,4.5,0.0,14.1,11.1
2025-07-01 02:00:00,BP_02,10,0.078,7.6,0.0,19.4,10.9
2025-07-01 02:00:00,RR_01,62,0.084,8.3,0.0,16.2,17.7
2025-07-01 03:00:00,BP_02,10,0.079,5.2,0.0,17.6,19.3
2025-07-01 03:00:00,RR_01,106,0.081,8.2,0.0,8.9,26.8
2025-07-01 04:00:00,BP_02,73,0.076,10.3,0.0,13.8,14.7
2025-07-01 04:00:00,RR_01,19,0.09,13.1,0.0,9.2,21.6
2025-07-01 05:00:00,BP_02,50,0.103,13.8,0.0,9.6,19.1
2025-07-01 05:00:00,RR_01,26,0.082,11.4,0.0,6.5,16.7
2025-07-01 06:00:00,BP_02,611,0.123,15.5,0.0,13.0,41.7
2025-07-01 06:00:00,RR_01,673,0.123,17.6,1.3,14.2,42.6
2025-07-01 07:00:00,BP_02,987,0.109,21.0,0.0,11.4,52.1
2025-07-01 07:00:00,RR_01,961,0.119,17.9,1.0,15.9,57.0
2025-07-01 08:00:00,BP_02,1059,0.116,17.1,0.0,16.8,41.0
2025-07-01 08:00:00,RR_01,1076,0.118,19.0,0.0,14.3,59.3
2025-07-01 09:00:00,BP_02,991,0.132,21.9,0.0,16.1,57.2
2025-07-01 09:00:00,RR_01,950,0.111,21.3,0.0,20.4,46.4
2025-07-01 10:00:00,BP_02,568,0.117,23.7,3.2,10.5,32.3
2025-07-01 10:00:00,RR_01,571,0.114,23.2,0.0,12.0,43.6
2025-07-01 11:00:00,BP_02,494,0.117,22.6,0.0,4.7,40.9
2025-07-01 11:00:00,RR_01,363,0.128,25.3,0.0,15.3,32.1
2025-07-01 12:00:00,BP_02,358,0.112,23.3,0.0,18.7,35.1
2025-07-01 12:00:00,RR_01,340,0.125,25.8,0.0,6.5,30.1
2025-07-01 13:00:00,BP_02,318,0.11,23.4,0.0,14.9,39.1
2025-07-01 13:00:00,RR_01,268,0.11,23.8,0.0,10.1,27.5
2025-07-01 14:00:00,BP_02,399,0.132,22.0,0.0,10.4,36.2
2025-07-01 14:00:00,RR_01,414,0.121,23.6,0.0,15.5,40.4
2025-07-01 15:00:00,BP_02,802,0.137,21.9,0.0,14.7,42.4
2025-07-01 15:00:00,RR_01,733,0.128,25.3,0.0,16.2,43.2
2025-07-01 16:00:00,BP_02,1043,0.11,19.1,4.5,12.4,58.5
2025-07-01 16:00:00,RR_01,1011,0.103,22.6,0.0,10.5,51.5
2025-07-01 17:00:00,BP_02,1192,0.134,18.1,0.0,18.6,61.0
2025-07-01 17:00:00,RR_01,1215,0.125,18.2,0.0,11.6,59.5
2025-07-01 18:00:00,BP_02,1100,0.115,16.0,0.0,2.4,58.6
2025-07-01 18:00:00,RR_01,1016,0.113,15.1,0.0,4.4,64.5
2025-07-01 19:00:00,BP_02,812,0.095,13.3,0.0,10.0,43.3
2025-07-01 19:00:00,RR_01,691,0.096,12.6,0.0,10.2,48.7
2025-07-01 20:00:00,BP_02,562,0.104,9.4,0.0,20.0,31.5
2025-07-01 20:00:00,RR_01,574,0.082,10.9,0.0,16.5,42.7
2025-07-01 21:00:00,BP_02,303,0.089,8.4,0.0,14.8,26.0
2025-07-01 21:00:00,RR_01,351,0.072,6.4,0.0,14.9,26.1
2025-07-01 22:00:00,BP_02,385,0.087,7.9,0.4,20.9,27.8
2025-07-01 22:00:00,RR_01,317,0.074,6.0,0.0,14.5,27.3
2025-07-01 23:00:00,BP_02,273,0.098,6.0,0.0,5.9,29.7
2025-07-01 23:00:00,RR_01,230,0.09,2.8,0.0,12.2,20.5
2025-07-02 00:00:00,BP_02,10,0.079,7.8,0.0,17.4,14.3
2025-07-02 00:00:00,RR_01,10,0.093,5.6,0.0,12.0,26.4
2025-07-02 01:00:00,BP_02,10,0.101,6.8,0.0,17.1,21.4
2025-07-02 01:00:00,RR_01,35,0.081,6.3,0.0,8.7,16.7
2025-07-02 02:00:00,BP_02,40,0.091,8.9,0.0,3.6,19.4
2025-07-02 02:00:00,RR_01,10,0.096,5.6,0.0,15.5,19.9
2025-07-02 03:00:00,BP_02,10,0.084,4.2,0.0,10.5,18.6
2025-07-02 03:00:00,RR_01,5490,0.073,10.3,3.2,14.1,190.0
2025-07-02 04:00:00,BP_02,27,0.084,10.1,0.0,11.5,13.4
2025-07-02 04:00:00,RR_01,10,0.089,8.2,0.0,14.5,16.4
2025-07-02 05:00:00,BP_02,55,0.076,11.9,0.0,3.9,24.3
2025-07-02 05:00:00,RR_01,23,0.078,10.2,0.0,9.4,17.0
2025-07-02 06:00:00,BP_02,585,0.115,14.8,0.0,10.6,33.3
2025-07-02 06:00:00,RR_01,564,0.113,15.3,5.8,1.2,42.4
2025-07-02 07:00:00,BP_02,898,0.117,16.4,0.0,16.4,51.3
2025-07-02 07:00:00,RR_01,1015,0.12,19.2,0.0,17.5,48.9
2025-07-02 08:00:00,BP_02,1037,0.109,20.6,0.0,10.0,48.9
2025-07-02 08:00:00,RR_01,1099,0.111,22.5,0.0,9.6,54.3
2025-07-02 09:00:00,BP_02,924,0.12,19.4,0.0,13.2,43.4
2025-07-02 09:00:00,RR_01,870,0.116,21.4,0.0,7.7,54.5
2025-07-02 10:00:00,BP_02,491,0.125,24.3,0.0,13.2,36.7
2025-07-02 10:00:00,RR_01,635,0.13,25.3,0.0,15.5,37.5
2025-07-02 11:00:00,BP_02,352,0.118,23.5,0.0,11.9,40.6
2025-07-02 11:00:00,RR_01,325,0.114,24.6,0.0,10.0,34.3
2025-07-02 12:00:00,BP_02,282,0.127,24.2,0.0,8.5,37.3
2025-07-02 12:00:00,RR_01,339,0.128,24.7,0.0,17.3,36.8
2025-07-02 13:00:00,BP_02,352,0.112,25.3,0.0,15.3,23.7
2025-07-02 13:00:00,RR_01,266,0.109,26.0,0.0,15.1,26.5
2025-07-02 14:00:00,BP_02,490,0.13,23.8,0.0,4.1,37.9
2025-07-02 14:00:00,RR_01,434,0.125,24.6,0.0,15.4,32.4
2025-07-02 15:00:00,BP_02,810,0.121,23.7,0.0,12.0,46.2
2025-07-02 15:00:00,RR_01,771,0.134,19.7,0.0,5.2,50.7
2025-07-02 16:00:00,BP_02,1141,0.135,18.5,3.3,18.9,64.9
2025-07-02 16:00:00,RR_01,1098,0.095,22.2,0.0,18.1,55.0
2025-07-02 17:00:00,BP_02,1144,0.144,17.5,0.0,9.8,57.9
2025-07-02 17:00:00,RR_01,1208,0.112,19.7,0.0,13.3,58.8
2025-07-02 18:00:00,BP_02,1161,0.115,16.3,0.0,8.4,55.7
2025-07-02 18:00:00,RR_01,1056,0.126,14.1,0.0,10.2,54.6
2025-07-02 19:00:00,BP_02,723,0.086,13.0,0.0,15.6,45.3
2025-07-02 19:00:00,RR_01,747,0.088,13.0,0.0,12.7,43.6
2025-07-02 20:00:00,BP_02,509,0.088,10.6,0.0,12.8,35.2
2025-07-02 20:00:00,RR_01,426,0.094,10.7,0.0,3.1,33.1
2025-07-02 21:00:00,BP_02,388,0.096,9.6,0.0,15.7,34.5
2025-07-02 21:00:00,RR_01,326,0.084,8.3,0.0,14.0,30.6
2025-07-02 22:00:00,BP_02,436,0.103,5.7,0.0,12.2,31.4
2025-07-02 22:00:00,RR_01,290,0.091,5.5,0.0,6.9,32.8
2025-07-02 23:00:00,BP_02,275,0.083,4.4,0.0,0.1,32.8
2025-07-02 23:00:00,RR_01,355,0.088,4.3,0.0,5.2,32.4
2025-07-03 00:00:00,BP_02,10,0.094,5.9,0.0,17.9,22.9
2025-07-03 00:00:00,RR_01,47,0.102,5.0,3.5,4.4,23.1
2025-07-03 01:00:00,BP_02,104,0.089,5.1,0.0,22.4,17.0
2025-07-03 01:00:00,RR_01,10,0.093,7.1,0.0,17.6,14.1
2025-07-03 02:00:00,BP_02,10,0.096,8.0,0.0,18.4,22.1
2025-07-03 02:00:00,RR_01,46,0.093,7.2,0.0,8.9,25.2
2025-07-03 03:00:00,BP_02,12,0.105,8.5,0.0,5.7,26.7
2025-07-03 03:00:00,RR_01,10,0.086,7.4,0.0,19.7,20.7
2025-07-03 04:00:00,BP_02,10,0.088,9.1,0.0,14.3,14.6
2025-07-03 04:00:00,RR_01,10,0.085,11.2,0.0,9.3,18.3
2025-07-03 05:00:00,BP_02,20,0.073,12.9,0.0,9.7,19.4
2025-07-03 05:00:00,RR_01,69,0.086,8.1,0.0,3.5,27.5
2025-07-03 06:00:00,BP_02,552,0.127,13.6,0.0,6.6,47.4
2025-07-03 06:00:00,RR_01,645,0.124,16.7,3.8,6.4,37.7
2025-07-03 07:00:00,BP_02,956,0.112,19.0,0.0,12.6,53.5
2025-07-03 07:00:00,RR_01,969,0.116,15.0,0.0,18.2,46.6
2025-07-03 08:00:00,BP_02,1104,0.119,17.9,0.9,11.3,56.6
2025-07-03 08:00:00,RR_01,1058,0.123,19.5,0.0,11.2,55.8
2025-07-03 09:00:00,BP_02,889,0.128,23.9,0.0,14.5,42.2
2025-07-03 09:00:00,RR_01,907,0.141,20.4,0.0,9.3,50.8
2025-07-03 10:00:00,BP_02,644,0.123,24.1,0.0,12.3,35.7
2025-07-03 10:00:00,RR_01,611,0.129,21.7,0.0,12.8,38.7
2025-07-03 11:00:00,BP_02,399,0.119,24.4,0.0,6.4,31.7
2025-07-03 11:00:00,RR_01,435,0.117,26.4,0.0,14.5,32.2
2025-07-03 12:00:00,BP_02,236,0.114,26.1,0.0,9.1,29.2
2025-07-03 12:00:00,RR_01,304,0.132,24.3,0.0,17.6,32.3
2025-07-03 13:00:00,BP_02,410,0.091,25.4,0.0,8.3,32.6
2025-07-03 13:00:00,RR_01,354,0.116,25.2,0.0,19.2,29.2
2025-07-03 14:00:00,BP_02,510,0.127,25.7,0.0,3.4,37.9
2025-07-03 14:00:00,RR_01,445,0.1,23.6,0.0,10.2,26.3
2025-07-03 15:00:00,BP_02,831,0.117,24.1,0.0,5.1,55.5
2025-07-03 15:00:00,RR_01,702,0.11,22.8,0.0,5.4,38.1
2025-07-03 16:00:00,BP_02,1068,0.135,20.5,0.0,10.9,52.7
2025-07-03 16:00:00,RR_01,1102,0.101,20.1,0.0,9.9,52.8
2025-07-03 17:00:00,BP_02,1160,0.124,16.3,0.0,19.1,49.6
2025-07-03 17:00:00,RR_01,1267,0.116,15.7,0.0,13.3,62.1
2025-07-03 18:00:00,BP_02,1051,0.115,14.2,0.9,9.3,56.0
2025-07-03 18:00:00,RR_01,1058,0.12,16.5,0.0,7.2,46.5
2025-07-03 19:00:00,BP_02,802,0.101,12.3,0.0,8.2,51.0
2025-07-03 19:00:00,RR_01,812,0.107,11.7,0.0,7.2,46.6
2025-07-03 20:00:00,BP_02,462,0.102,11.6,0.0,6.1,46.3
2025-07-03 20:00:00,RR_01,518,0.093,7.7,0.0,13.7,32.7
2025-07-03 21:00:00,BP_02,340,0.088,7.2,0.0,12.2,32.0
2025-07-03 21:00:00,RR_01,330,0.088,7.3,0.3,11.8,35.1
2025-07-03 22:00:00,BP_02,302,0.102,5.8,0.0,17.9,33.7
2025-07-03 22:00:00,RR_01,332,0.098,8.6,0.0,12.2,29.1
2025-07-03 23:00:00,BP_02,244,0.084,8.1,0.0,22.0,16.6
2025-07-03 23:00:00,RR_01,379,0.068,6.6,0.0,8.2,32.0
2025-07-04 00:00:00,BP_02,10,0.092,4.8,0.0,13.4,28.3
2025-07-04 00:00:00,RR_01,28,0.092,4.5,3.3,10.8,22.0
2025-07-04 01:00:00,BP_02,38,0.096,4.4,0.0,12.7,13.9
2025-07-04 01:00:00,RR_01,108,0.098,4.8,0.0,7.4,17.8
2025-07-04 02:00:00,BP_02,90,0.098,7.5,0.0,9.3,22.8
2025-07-04 02:00:00,RR_01,10,0.075,5.9,0.5,16.5,19.1
2025-07-04 03:00:00,BP_02,5435,0.096,7.8,5.3,10.1,211.0
2025-07-04 03:00:00,RR_01,71,0.101,11.0,0.0,17.2,21.5
2025-07-04 04:00:00,BP_02,29,0.087,7.9,0.0,15.1,12.3
2025-07-04 04:00:00,RR_01,35,0.093,10.6,0.0,2.8,27.8
2025-07-04 05:00:00,BP_02,10,0.101,14.0,0.0,10.4,18.5
2025-07-04 05:00:00,RR_01,23,0.086,13.1,0.0,7.4,38.0
2025-07-04 06:00:00,BP_02,649,0.119,13.9,4.7,11.2,38.8
2025-07-04 06:00:00,RR_01,598,0.126,16.5,0.0,4.5,37.5
2025-07-04 07:00:00,BP_02,944,0.114,17.7,0.0,11.9,49.8
2025-07-04 07:00:00,RR_01,823,0.143,17.9,3.5,8.7,59.4
2025-07-04 08:00:00,BP_02,1064,0.114,19.9,0.0,9.0,61.8
2025-07-04 08:00:00,RR_01,1089,0.122,19.6,0.0,11.6,55.4
2025-07-04 09:00:00,BP_02,967,0.139,22.4,0.0,11.6,55.0
2025-07-04 09:00:00,RR_01,940,0.122,21.8,0.0,4.8,56.6
2025-07-04 10:00:00,BP_02,622,0.113,20.4,0.0,1.9,44.4
2025-07-04 10:00:00,RR_01,668,0.115,23.6,0.0,7.4,45.0
2025-07-04 11:00:00,BP_02,345,0.133,24.2,0.0,14.7,22.4
2025-07-04 11:00:00,RR_01,360,0.112,24.6,0.0,7.0,34.0
2025-07-04 12:00:00,BP_02,323,0.109,26.7,0.0,23.8,27.7
2025-07-04 12:00:00,RR_01,288,0.128,26.1,0.0,13.0,30.2
2025-07-04 13:00:00,BP_02,339,0.125,26.6,0.0,9.2,38.7
2025-07-04 13:00:00,RR_01,338,0.111,24.7,0.3,12.3,33.6
2025-07-04 14:00:00,BP_02,632,0.123,22.2,0.0,13.9,35.0
2025-07-04 14:00:00,RR_01,546,0.121,24.8,0.0,8.4,35.6
2025-07-04 15:00:00,BP_02,788,0.136,23.5,0.0,16.3,46.5
2025-07-04 15:00:00,RR_01,778,0.115,21.9,0.0,12.9,48.7
2025-07-04 16:00:00,BP_02,1071,0.113,18.9,0.0,18.4,52.3
2025-07-04 16:00:00,RR_01,1035,0.125,20.1,0.0,9.3,54.7
2025-07-04 17:00:00,BP_02,1223,0.111,17.0,0.0,10.7,63.5
2025-07-04 17:00:00,RR_01,1225,0.123,14.6,0.0,10.6,56.7
2025-07-04 18:00:00,BP_02,1130,0.119,14.5,0.0,3.0,58.8
2025-07-04 18:00:00,RR_01,1066,0.13,16.4,0.0,20.4,50.6
2025-07-04 19:00:00,BP_02,757,0.107,12.6,0.0,13.3,40.4
2025-07-04 19:00:00,RR_01,810,0.085,12.9,0.0,18.7,45.2
2025-07-04 20:00:00,BP_02,471,0.081,11.5,0.0,12.6,30.7
2025-07-04 20:00:00,RR_01,465,0.087,11.5,0.2,5.5,34.5
2025-07-04 21:00:00,BP_02,404,0.064,8.3,0.0,10.3,34.8
2025-07-04 21:00:00,RR_01,346,0.08,3.6,0.0,16.1,28.4
2025-07-04 22:00:00,BP_02,305,0.091,6.2,0.0,11.3,33.6
2025-07-04 22:00:00,RR_01,294,0.086,9.5,0.0,16.1,23.2
2025-07-04 23:00:00,BP_02,248,0.099,6.8,0.0,12.7,27.9
2025-07-04 23:00:00,RR_01,229,0.094,5.1,0.0,6.3,33.0
2025-07-05 00:00:00,BP_02,10,0.02,3.8,0.0,13.8,14.9
2025-07-05 00:00:00,RR_01,29,0.038,6.7,1.0,16.1,15.1
2025-07-05 01:00:00,BP_02,91,0.038,5.2,0.0,13.6,6.0
2025-07-05 01:00:00,RR_01,28,0.021,3.8,0.0,19.7,15.9
2025-07-05 02:00:00,BP_02,21,0.02,7.8,0.0,10.9,15.7
2025-07-05 02:00:00,RR_01,15,0.039,7.3,0.0,6.4,16.2
2025-07-05 03:00:00,BP_02,10,0.029,8.7,0.0,13.9,7.4
2025-07-05 03:00:00,RR_01,10,0.044,6.3,0.0,7.4,19.6
2025-07-05 04:00:00,BP_02,10,0.038,9.3,0.5,10.6,21.6
2025-07-05 04:00:00,RR_01,10,0.034,9.1,0.0,17.1,11.2
2025-07-05 05:00:00,BP_02,63,0.018,10.1,0.0,15.2,7.2
2025-07-05 05:00:00,RR_01,10,0.049,15.3,0.0,13.4,19.7
2025-07-05 06:00:00,BP_02,429,0.062,15.5,0.0,8.9,27.4
2025-07-05 06:00:00,RR_01,427,0.052,14.7,0.0,14.8,23.8
2025-07-05 07:00:00,BP_02,700,0.072,15.2,0.0,12.4,40.7
2025-07-05 07:00:00,RR_01,732,0.048,17.9,0.0,13.7,38.9
2025-07-05 08:00:00,BP_02,966,0.065,19.7,1.7,3.9,52.5
2025-07-05 08:00:00,RR_01,941,0.042,21.3,0.0,14.0,40.5
2025-07-05 09:00:00,BP_02,833,0.053,23.8,0.0,10.2,39.5
2025-07-05 09:00:00,RR_01,793,0.075,22.8,0.7,5.4,44.8
2025-07-05 10:00:00,BP_02,501,0.075,24.6,0.0,14.8,33.1
2025-07-05 10:00:00,RR_01,538,0.067,23.9,0.0,17.2,30.9
2025-07-05 11:00:00,BP_02,208,0.067,21.6,0.0,6.8,27.9
2025-07-05 11:00:00,RR_01,245,0.059,25.2,0.0,17.8,21.5
2025-07-05 12:00:00,BP_02,242,0.041,25.3,0.0,10.4,23.6
2025-07-05 12:00:00,RR_01,191,0.063,28.6,0.0,10.9,22.4
2025-07-05 13:00:00,BP_02,224,0.069,24.2,0.0,0.0,28.4
2025-07-05 13:00:00,RR_01,210,0.049,24.6,0.0,11.8,22.1
2025-07-05 14:00:00,BP_02,412,0.054,21.7,0.0,5.2,33.3
2025-07-05 14:00:00,RR_01,254,0.084,24.0,0.0,4.3,36.9
2025-07-05 15:00:00,BP_02,640,0.062,22.6,1.7,6.5,44.0
2025-07-05 15:00:00,RR_01,610,0.061,23.6,0.0,14.6,37.3
2025-07-05 16:00:00,BP_02,835,0.07,19.3,4.0,12.5,37.3
2025-07-05 16:00:00,RR_01,914,0.061,21.7,0.0,14.9,45.8
2025-07-05 17:00:00,BP_02,1137,0.055,16.9,1.3,13.7,45.5
2025-07-05 17:00:00,RR_01,1173,0.067,19.4,0.0,11.7,50.6
2025-07-05 18:00:00,BP_02,914,0.044,15.2,0.0,11.7,42.0
2025-07-05 18:00:00,RR_01,902,0.065,16.0,0.0,17.6,37.5
2025-07-05 19:00:00,BP_02,640,0.045,11.5,0.0,10.1,30.3
2025-07-05 19:00:00,RR_01,627,0.032,10.7,0.0,10.3,36.3
2025-07-05 20:00:00,BP_02,283,0.042,10.1,0.0,10.1,16.3
2025-07-05 20:00:00,RR_01,349,0.022,12.5,0.0,14.8,24.2
2025-07-05 21:00:00,BP_02,237,0.029,7.0,0.0,15.6,22.2
2025-07-05 21:00:00,RR_01,154,0.035,6.2,0.0,6.9,26.3
2025-07-05 22:00:00,BP_02,219,0.039,5.5,0.0,13.1,10.8
2025-07-05 22:00:00,RR_01,221,0.049,6.8,0.0,11.9,19.1
2025-07-05 23:00:00,BP_02,248,0.026,6.8,0.0,10.3,18.8
2025-07-05 23:00:00,RR_01,189,0.043,4.2,0.0,11.1,19.4
2025-07-06 00:00:00,BP_02,85,0.031,6.6,0.0,18.5,15.1
2025-07-06 00:00:00,RR_01,54,0.046,4.9,0.0,13.1,9.0
2025-07-06 01:00:00,BP_02,42,0.029,2.8,0.0,21.7,10.0
2025-07-06 01:00:00,RR_01,10,0.025,5.8,0.0,10.2,11.6
2025-07-06 02:00:00,BP_02,10,0.027,7.5,0.0,5.8,14.1
2025-07-06 02:00:00,RR_01,85,0.02,6.8,0.0,11.3,18.3
2025-07-06 03:00:00,BP_02,21,0.034,10.0,0.0,14.6,8.0
2025-07-06 03:00:00,RR_01,10,0.029,8.6,0.0,16.1,8.9
2025-07-06 04:00:00,BP_02,10,0.018,12.3,0.0,27.4,5.1
2025-07-06 04:00:00,RR_01,45,0.031,12.4,0.0,9.8,17.7
2025-07-06 05:00:00,BP_02,35,0.027,13.2,0.0,13.4,8.6
2025-07-06 05:00:00,RR_01,132,0.041,13.1,1.9,4.0,21.1
2025-07-06 06:00:00,BP_02,383,0.063,13.4,0.0,12.6,28.8
2025-07-06 06:00:00,RR_01,394,0.043,14.6,0.9,20.7,22.9
2025-07-06 07:00:00,BP_02,762,0.078,18.5,0.0,11.7,41.9
2025-07-06 07:00:00,RR_01,744,0.075,19.0,2.1,18.9,32.3
2025-07-06 08:00:00,BP_02,924,0.048,18.7,0.0,14.5,41.8
2025-07-06 08:00:00,RR_01,954,0.058,21.8,0.0,5.5,48.2
2025-07-06 09:00:00,BP_02,745,0.065,21.6,0.0,15.8,34.7
2025-07-06 09:00:00,RR_01,747,0.056,20.2,0.0,15.4,24.5
2025-07-06 10:00:00,BP_02,417,0.066,24.2,0.0,5.8,40.7
2025-07-06 10:00:00,RR_01,367,0.05,24.6,1.4,9.5,26.5
2025-07-06 11:00:00,BP_02,229,0.041,23.5,0.0,11.9,22.3
2025-07-06 11:00:00,RR_01,239,0.043,25.7,0.0,13.3,14.2
2025-07-06 12:00:00,BP_02,192,0.064,23.3,0.0,0.7,27.0
2025-07-06 12:00:00,RR_01,125,0.068,24.6,0.0,13.5,25.0
2025-07-06 13:00:00,BP_02,89,0.069,25.4,0.0,11.0,21.5
2025-07-06 13:00:00,RR_01,237,0.061,26.7,0.0,10.8,27.1
2025-07-06 14:00:00,BP_02,232,0.066,26.5,4.7,7.5,23.0
2025-07-06 14:00:00,RR_01,304,0.047,23.4,0.0,8.1,27.6
2025-07-06 15:00:00,BP_02,595,0.059,23.9,0.0,13.7,31.5
2025-07-06 15:00:00,RR_01,689,0.047,22.3,2.3,8.5,43.1
2025-07-06 16:00:00,BP_02,901,0.063,21.1,0.5,3.7,57.3
2025-07-06 16:00:00,RR_01,872,0.057,19.7,0.0,7.4,40.5
2025-07-06 17:00:00,BP_02,1059,0.062,19.1,0.0,9.4,46.4
2025-07-06 17:00:00,RR_01,1033,0.077,17.6,0.0,7.8,58.3
2025-07-06 18:00:00,BP_02,875,0.043,16.0,0.0,16.8,37.7
2025-07-06 18:00:00,RR_01,952,0.057,13.4,0.0,11.7,48.3
2025-07-06 19:00:00,BP_02,612,0.032,13.1,0.2,8.6,31.1
2025-07-06 19:00:00,RR_01,550,0.015,10.3,0.0,8.4,28.2
2025-07-06 20:00:00,BP_02,357,0.026,11.3,0.0,2.5,23.4
2025-07-06 20:00:00,RR_01,362,0.028,12.4,0.0,15.4,26.1
2025-07-06 21:00:00,BP_02,175,0.023,5.9,0.0,13.3,18.0
2025-07-06 21:00:00,RR_01,277,0.027,6.7,0.0,19.4,12.4
2025-07-06 22:00:00,BP_02,214,0.055,6.6,0.0,9.1,23.6
2025-07-06 22:00:00,RR_01,83,0.01,4.9,0.0,9.1,10.8
2025-07-06 23:00:00,BP_02,161,0.043,5.2,0.0,11.1,23.1
2025-07-06 23:00:00,RR_01,161,0.029,2.1,3.0,13.2,14.3
2025-07-07 00:00:00,BP_02,57,0.078,5.1,0.7,8.4,25.1
2025-07-07 00:00:00,RR_01,42,0.088,4.0,0.0,14.5,17.5
2025-07-07 01:00:00,BP_02,33,0.093,4.6,0.0,21.9,19.8
2025-07-07 01:00:00,RR_01,69,0.097,3.4,0.0,14.4,17.3
2025-07-07 02:00:00,BP_02,135,0.105,7.1,0.0,4.2,25.9
2025-07-07 02:00:00,RR_01,10,0.108,8.8,0.0,12.4,27.0
2025-07-07 03:00:00,BP_02,59,0.075,6.7,0.0,26.2,15.2
2025-07-07 03:00:00,RR_01,10,0.101,9.4,0.0,15.7,18.5
2025-07-07 04:00:00,BP_02,10,0.091,9.2,0.0,10.0,23.9
2025-07-07 04:00:00,RR_01,57,0.087,9.0,0.0,14.4,21.4
2025-07-07 05:00:00,BP_02,79,0.091,11.4,0.0,12.9,17.8
2025-07-07 05:00:00,RR_01,53,0.079,15.8,0.0,5.8,20.9
2025-07-07 06:00:00,BP_02,512,0.107,16.3,0.0,9.1,37.4
2025-07-07 06:00:00,RR_01,606,0.146,16.5,0.0,16.3,35.3
2025-07-07 07:00:00,BP_02,929,0.124,17.6,0.0,8.9,47.5
2025-07-07 07:00:00,RR_01,940,0.121,17.1,0.0,16.4,50.6
2025-07-07 08:00:00,BP_02,1115,0.131,19.3,0.0,8.1,62.8
2025-07-07 08:00:00,RR_01,1065,0.12,16.3,0.0,8.2,49.6
2025-07-07 09:00:00,BP_02,929,0.135,21.5,0.0,15.0,54.2
2025-07-07 09:00:00,RR_01,934,0.12,25.5,0.0,12.2,51.0
2025-07-07 10:00:00,BP_02,577,0.118,23.7,0.0,4.9,49.7
2025-07-07 10:00:00,RR_01,609,0.122,21.6,0.0,15.4,34.7
2025-07-07 11:00:00,BP_02,335,0.145,27.1,0.0,13.8,34.6
2025-07-07 11:00:00,RR_01,350,0.119,22.2,0.0,11.0,42.2
2025-07-07 12:00:00,BP_02,289,0.099,23.1,0.0,1.1,36.8
2025-07-07 12:00:00,RR_01,421,0.114,26.5,0.0,17.4,36.3
2025-07-07 13:00:00,BP_02,369,0.124,25.7,0.0,13.4,38.2
2025-07-07 13:00:00,RR_01,387,0.115,28.3,0.0,23.8,28.9
2025-07-07 14:00:00,BP_02,445,0.106,24.4,0.0,16.2,30.0
2025-07-07 14:00:00,RR_01,441,0.12,25.7,3.7,8.1,43.6
2025-07-07 15:00:00,BP_02,850,0.121,20.7,3.5,5.6,48.6
2025-07-07 15:00:00,RR_01,794,0.115,22.9,0.0,5.1,46.7
2025-07-07 16:00:00,BP_02,929,0.115,22.2,0.0,15.4,46.1
2025-07-07 16:00:00,RR_01,1013,0.113,20.9,0.0,13.5,54.4
2025-07-07 17:00:00,BP_02,1183,0.125,18.4,1.0,12.3,57.9
2025-07-07 17:00:00,RR_01,1239,0.121,18.9,2.7,15.6,59.7
2025-07-07 18:00:00,BP_02,1067,0.119,14.2,0.0,20.0,47.8
2025-07-07 18:00:00,RR_01,1119,0.117,16.1,0.0,10.8,58.3
2025-07-07 19:00:00,BP_02,787,0.082,9.6,0.0,7.7,41.9
2025-07-07 19:00:00,RR_01,721,0.105,12.8,0.0,19.3,44.7
2025-07-07 20:00:00,BP_02,455,0.082,10.3,0.0,26.1,29.0
2025-07-07 20:00:00,RR_01,548,0.063,10.2,0.0,5.3,39.3
2025-07-07 21:00:00,BP_02,419,0.109,7.9,6.5,0.0,40.3
2025-07-07 21:00:00,RR_01,383,0.101,7.8,0.6,15.5,32.0
2025-07-07 22:00:00,BP_02,244,0.094,4.8,0.0,10.4,29.6
2025-07-07 22:00:00,RR_01,355,0.102,5.2,0.0,9.0,26.8
2025-07-07 23:00:00,BP_02,273,0.073,3.8,0.2,3.5,28.0
2025-07-07 23:00:00,RR_01,397,0.069,4.9,0.0,20.6,21.0
2025-07-08 00:00:00,BP_02,61,0.096,6.3,1.5,21.3,15.2
2025-07-08 00:00:00,RR_01,17,0.087,2.5,0.0,22.0,14.5
2025-07-08 01:00:00,BP_02,82,0.088,2.4,0.0,10.7,23.8
2025-07-08 01:00:00,RR_01,10,0.086,5.2,0.0,8.2,21.9
2025-07-08 02:00:00,BP_02,10,0.09,6.8,0.0,11.1,21.1
2025-07-08 02:00:00,RR_01,10,0.076,4.9,0.0,9.3,15.2
2025-07-08 03:00:00,BP_02,162,0.098,7.6,0.0,14.2,27.6
2025-07-08 03:00:00,RR_01,4938,0.082,6.3,4.8,16.3,205.0
2025-07-08 04:00:00,BP_02,10,0.102,10.7,0.0,12.0,26.7
2025-07-08 04:00:00,RR_01,27,0.079,10.3,0.0,10.1,26.3
2025-07-08 05:00:00,BP_02,10,0.081,12.0,0.0,9.0,17.8
2025-07-08 05:00:00,RR_01,55,0.108,14.5,0.0,11.8,26.1
2025-07-08 06:00:00,BP_02,619,0.12,15.4,0.0,5.7,48.6
2025-07-08 06:00:00,RR_01,608,0.129,16.4,0.2,12.1,43.0
2025-07-08 07:00:00,BP_02,905,0.115,16.5,0.0,12.8,45.2
2025-07-08 07:00:00,RR_01,964,0.133,15.2,0.0,2.4,57.8
2025-07-08 08:00:00,BP_02,1075,0.126,19.9,0.0,13.9,63.7
2025-07-08 08:00:00,RR_01,1100,0.127,18.5,1.4,11.9,53.5
2025-07-08 09:00:00,BP_02,952,0.118,22.8,0.0,15.5,46.8
2025-07-08 09:00:00,RR_01,995,0.109,23.5,0.0,8.6,53.9
2025-07-08 10:00:00,BP_02,518,0.12,23.9,0.0,21.6,36.9
2025-07-08 10:00:00,RR_01,581,0.115,22.2,0.0,9.5,42.5
2025-07-08 11:00:00,BP_02,301,0.117,25.2,0.0,1.1,33.2
2025-07-08 11:00:00,RR_01,522,0.125,24.3,0.0,19.2,31.1
2025-07-08 12:00:00,BP_02,298,0.119,23.6,0.0,11.7,31.8
2025-07-08 12:00:00,RR_01,359,0.108,25.8,0.0,5.7,37.2
2025-07-08 13:00:00,BP_02,417,0.137,23.8,0.0,18.0,41.1
2025-07-08 13:00:00,RR_01,321,0.127,23.2,0.0,16.1,31.2
2025-07-08 14:00:00,BP_02,473,0.144,22.8,0.0,11.4,37.5
2025-07-08 14:00:00,RR_01,447,0.118,23.8,0.0,10.6,29.6
2025-07-08 15:00:00,BP_02,842,0.124,21.7,0.0,0.3,63.8
2025-07-08 15:00:00,RR_01,786,0.116,20.1,0.0,10.6,43.8
2025-07-08 16:00:00,BP_02,1121,0.119,22.0,0.0,5.5,60.1
2025-07-08 16:00:00,RR_01,1050,0.127,19.1,0.0,16.0,52.1
2025-07-08 17:00:00,BP_02,1214,0.104,17.1,0.0,13.6,61.0
2025-07-08 17:00:00,RR_01,1235,0.124,18.1,0.0,13.7,67.6
2025-07-08 18:00:00,BP_02,1078,0.112,13.3,0.0,13.5,55.6
2025-07-08 18:00:00,RR_01,1085,0.116,12.6,0.0,14.9,56.2
2025-07-08 19:00:00,BP_02,776,0.089,13.2,0.0,15.4,43.1
2025-07-08 19:00:00,RR_01,758,0.102,13.1,2.4,16.8,36.2
2025-07-08 20:00:00,BP_02,508,0.083,12.0,2.5,8.1,30.4
2025-07-08 20:00:00,RR_01,458,0.079,10.0,0.0,10.3,35.0
2025-07-08 21:00:00,BP_02,344,0.084,6.0,0.0,13.3,26.9
2025-07-08 21:00:00,RR_01,286,0.096,8.8,0.0,8.9,24.5
2025-07-08 22:00:00,BP_02,301,0.106,9.3,0.0,7.3,37.9
2025-07-08 22:00:00,RR_01,291,0.096,6.7,0.0,6.6,36.3
2025-07-08 23:00:00,BP_02,248,0.09,6.0,0.0,13.3,25.2
2025-07-08 23:00:00,RR_01,345,0.087,7.4,2.1,7.9,30.0
2025-07-09 00:00:00,BP_02,10,0.091,6.6,0.0,12.3,20.6
2025-07-09 00:00:00,RR_01,40,0.093,5.2,0.0,26.7,13.6
2025-07-09 01:00:00,BP_02,85,0.083,7.5,0.0,7.9,17.4
2025-07-09 01:00:00,RR_01,10,0.077,4.7,0.0,18.2,20.7
2025-07-09 02:00:00,BP_02,37,0.102,7.8,0.0,19.8,16.3
2025-07-09 02:00:00,RR_01,38,0.099,6.5,0.0,5.2,20.3
2025-07-09 03:00:00,BP_02,30,0.088,7.8,0.0,3.5,29.2
2025-07-09 03:00:00,RR_01,49,0.088,8.7,0.0,5.4,18.7
2025-07-09 04:00:00,BP_02,51,0.085,11.8,0.0,11.3,15.9
2025-07-09 04:00:00,RR_01,10,0.085,10.1,0.0,14.4,16.0
2025-07-09 05:00:00,BP_02,10,0.074,12.8,0.0,7.8,23.1
2025-07-09 05:00:00,RR_01,46,0.1,12.5,0.0,14.7,25.2
2025-07-09 06:00:00,BP_02,544,0.119,16.6,0.0,21.2,35.7
2025-07-09 06:00:00,RR_01,597,0.113,13.9,0.0,14.7,33.0
2025-07-09 07:00:00,BP_02,908,0.114,19.4,5.4,15.0,47.5
2025-07-09 07:00:00,RR_01,865,0.106,16.6,0.0,10.7,37.0
2025-07-09 08:00:00,BP_02,1168,0.137,18.4,0.0,8.8,61.0
2025-07-09 08:00:00,RR_01,1117,0.104,17.9,0.0,11.4,53.5
2025-07-09 09:00:00,BP_02,864,0.138,23.3,0.0,10.6,50.2
2025-07-09 09:00:00,RR_01,951,0.126,24.7,0.0,13.6,54.1
2025-07-09 10:00:00,BP_02,463,0.108,23.4,0.0,21.3,29.6
2025-07-09 10:00:00,RR_01,648,0.107,21.8,0.0,12.4,45.9
2025-07-09 11:00:00,BP_02,360,0.109,24.9,0.0,7.3,38.9
2025-07-09 11:00:00,RR_01,439,0.138,23.6,0.0,0.9,42.4
2025-07-09 12:00:00,BP_02,385,0.117,25.2,0.0,3.2,37.3
2025-07-09 12:00:00,RR_01,259,0.099,23.9,0.0,10.9,27.6
2025-07-09 13:00:00,BP_02,277,0.112,24.8,0.0,13.5,37.2
2025-07-09 13:00:00,RR_01,317,0.137,26.0,0.0,7.7,41.7
2025-07-09 14:00:00,BP_02,441,0.122,25.9,0.0,13.6,37.3
2025-07-09 14:00:00,RR_01,526,0.122,23.2,0.0,12.9,31.5
2025-07-09 15:00:00,BP_02,775,0.117,20.0,0.0,15.3,42.3
2025-07-09 15:00:00,RR_01,787,0.119,23.9,0.0,26.9,37.9
2025-07-09 16:00:00,BP_02,1190,0.123,17.4,0.0,15.4,61.7
2025-07-09 16:00:00,RR_01,1087,0.115,19.0,0.0,13.8,55.3
2025-07-09 17:00:00,BP_02,1132,0.13,14.7,0.0,20.9,56.6
2025-07-09 17:00:00,RR_01,1392,0.124,18.0,0.0,10.4,68.2
2025-07-09 18:00:00,BP_02,991,0.109,16.6,0.0,3.4,49.5
2025-07-09 18:00:00,RR_01,1090,0.12,13.7,0.0,16.6,51.8
2025-07-09 19:00:00,BP_02,779,0.1,11.3,0.0,6.0,43.2
2025-07-09 19:00:00,RR_01,818,0.101,15.6,0.0,14.4,44.6
2025-07-09 20:00:00,BP_02,561,0.083,10.2,0.0,15.3,33.7
2025-07-09 20:00:00,RR_01,548,0.091,8.2,0.0,14.1,25.4
2025-07-09 21:00:00,BP_02,331,0.111,7.8,0.0,6.5,28.7
2025-07-09 21:00:00,RR_01,395,0.092,8.4,0.0,15.0,27.8
2025-07-09 22:00:00,BP_02,232,0.106,5.0,0.0,4.7,40.7
2025-07-09 22:00:00,RR_01,298,0.086,7.3,0.0,22.3,24.9
2025-07-09 23:00:00,BP_02,323,0.089,6.6,0.0,21.3,28.0
2025-07-09 23:00:00,RR_01,340,0.089,6.0,0.0,6.3,28.8
2025-07-10 00:00:00,BP_02,60,0.08,4.8,0.0,3.9,24.4
2025-07-10 00:00:00,RR_01,10,0.093,4.7,0.0,14.4,19.5
2025-07-10 01:00:00,BP_02,118,0.078,5.0,0.0,10.2,21.4
2025-07-10 01:00:00,RR_01,18,0.073,5.1,0.8,7.4,22.4
2025-07-10 02:00:00,BP_02,62,0.099,6.7,0.0,11.7,20.5
2025-07-10 02:00:00,RR_01,10,0.077,6.4,0.0,14.8,15.8
2025-07-10 03:00:00,BP_02,71,0.09,9.0,0.0,18.5,10.8
2025-07-10 03:00:00,RR_01,34,0.097,7.7,0.0,7.4,24.6
2025-07-10 04:00:00,BP_02,18,0.099,8.6,5.4,2.7,19.1
2025-07-10 04:00:00,RR_01,147,0.092,11.4,0.0,9.9,21.6
2025-07-10 05:00:00,BP_02,160,0.112,13.7,0.0,14.1,33.8
2025-07-10 05:00:00,RR_01,10,0.088,15.7,0.0,10.5,19.8
2025-07-10 06:00:00,BP_02,574,0.112,17.2,0.0,7.5,48.2
2025-07-10 06:00:00,RR_01,628,0.12,14.2,0.0,16.9,42.2
2025-07-10 07:00:00,BP_02,892,0.108,15.4,0.0,15.1,44.9
2025-07-10 07:00:00,RR_01,842,0.123,15.5,0.0,16.6,47.3
2025-07-10 08:00:00,BP_02,1190,0.122,20.4,0.0,7.5,65.2
2025-07-10 08:00:00,RR_01,1076,0.115,19.9,0.0,5.8,55.8
2025-07-10 09:00:00,BP_02,849,0.131,21.6,0.0,19.9,48.3
2025-07-10 09:00:00,RR_01,977,0.112,25.9,0.1,12.3,52.5
2025-07-10 10:00:00,BP_02,502,0.111,24.7,0.0,7.5,42.1
2025-07-10 10:00:00,RR_01,597,0.122,22.5,0.0,8.5,46.2
2025-07-10 11:00:00,BP_02,392,0.12,22.8,4.8,0.3,35.3
2025-07-10 11:00:00,RR_01,332,0.11,27.1,0.0,5.7,27.1
2025-07-10 12:00:00,BP_02,328,0.134,27.4,2.0,8.1,29.6
2025-07-10 12:00:00,RR_01,292,0.124,27.5,0.0,10.9,37.8
2025-07-10 13:00:00,BP_02,352,0.104,22.2,0.0,10.7,37.4
2025-07-10 13:00:00,RR_01,398,0.103,23.8,0.0,10.5,32.7
2025-07-10 14:00:00,BP_02,550,0.122,23.3,0.0,17.4,29.5
2025-07-10 14:00:00,RR_01,464,0.13,24.5,0.0,24.1,34.2
2025-07-10 15:00:00,BP_02,716,0.115,22.7,6.3,5.7,46.8
2025-07-10 15:00:00,RR_01,772,0.125,24.5,0.0,14.2,50.8
2025-07-10 16:00:00,BP_02,1065,0.121,19.0,0.0,5.8,57.1
2025-07-10 16:00:00,RR_01,1064,0.123,19.4,0.0,5.1,53.6
2025-07-10 17:00:00,BP_02,1181,0.127,16.3,0.0,16.8,55.4
2025-07-10 17:00:00,RR_01,1167,0.13,17.3,0.0,9.2,58.2
2025-07-10 18:00:00,BP_02,1017,0.122,15.3,0.0,5.1,58.9
2025-07-10 18:00:00,RR_01,1169,0.137,14.1,0.0,17.1,56.8
2025-07-10 19:00:00,BP_02,758,0.08,12.5,0.0,11.1,39.1
2025-07-10 19:00:00,RR_01,793,0.1,10.9,0.0,22.4,36.5
2025-07-10 20:00:00,BP_02,543,0.085,10.0,0.0,11.2,37.5
2025-07-10 20:00:00,RR_01,399,0.072,9.0,0.0,4.1,40.5
2025-07-10 21:00:00,BP_02,468,0.104,9.2,0.0,13.1,35.5
2025-07-10 21:00:00,RR_01,371,0.077,6.1,1.0,2.6,30.6
2025-07-10 22:00:00,BP_02,342,0.093,5.7,0.0,8.3,40.7
2025-07-10 22:00:00,RR_01,280,0.084,6.4,1.5,21.4,20.6
2025-07-10 23:00:00,BP_02,176,0.098,5.8,0.0,7.4,22.8
2025-07-10 23:00:00,RR_01,344,0.09,4.2,0.0,13.9,30.0
2025-07-11 00:00:00,BP_02,28,0.093,4.2,0.0,13.7,20.3
2025-07-11 00:00:00,RR_01,10,0.095,5.4,0.0,7.7,18.0
2025-07-11 01:00:00,BP_02,32,0.098,4.1,0.0,7.5,25.7
2025-07-11 01:00:00,RR_01,24,0.083,3.0,0.0,14.7,16.7
2025-07-11 02:00:00,BP_02,76,0.086,5.9,0.0,5.2,24.0
2025-07-11 02:00:00,RR_01,55,0.092,6.8,0.0,1.2,28.4
2025-07-11 03:00:00,BP_02,39,0.082,7.2,0.0,18.1,11.6
2025-07-11 03:00:00,RR_01,73,0.082,9.2,1.5,12.0,19.7
2025-07-11 04:00:00,BP_02,94,0.098,9.3,0.0,14.4,27.4
2025-07-11 04:00:00,RR_01,10,0.084,7.0,0.0,13.6,18.2
2025-07-11 05:00:00,BP_02,58,0.101,14.2,0.4,20.8,19.8
2025-07-11 05:00:00,RR_01,21,0.076,13.0,0.0,16.6,14.3
2025-07-11 06:00:00,BP_02,672,0.111,14.6,0.4,15.9,35.5
2025-07-11 06:00:00,RR_01,570,0.111,16.8,0.0,6.9,35.9
2025-07-11 07:00:00,BP_02,901,0.114,16.6,0.0,5.7,54.6
2025-07-11 07:00:00,RR_01,890,0.106,15.8,0.0,12.4,49.5
2025-07-11 08:00:00,BP_02,1107,0.118,20.0,0.0,12.5,62.9
2025-07-11 08:00:00,RR_01,1188,0.11,22.5,0.0,7.4,67.2
2025-07-11 09:00:00,BP_02,964,0.136,22.2,0.0,6.9,56.6
2025-07-11 09:00:00,RR_01,943,0.131,22.7,7.5,13.3,52.4
2025-07-11 10:00:00,BP_02,565,0.126,21.9,0.0,3.7,45.2
2025-07-11 10:00:00,RR_01,531,0.111,22.6,0.0,7.5,41.4
2025-07-11 11:00:00,BP_02,347,0.107,24.2,0.8,9.8,39.6
2025-07-11 11:00:00,RR_01,432,0.146,24.6,0.0,10.0,43.3
2025-07-11 12:00:00,BP_02,297,0.119,24.5,1.3,16.9,25.9
2025-07-11 12:00:00,RR_01,434,0.125,25.8,2.9,7.0,34.4
2025-07-11 13:00:00,BP_02,326,0.118,24.4,0.0,13.4,39.2
2025-07-11 13:00:00,RR_01,415,0.122,24.8,0.0,15.3,41.3
2025-07-11 14:00:00,BP_02,527,0.108,24.7,0.0,5.0,45.2
2025-07-11 14:00:00,RR_01,424,0.111,24.5,0.0,16.3,33.7
2025-07-11 15:00:00,BP_02,670,0.119,22.3,0.0,9.6,40.9
2025-07-11 15:00:00,RR_01,737,0.127,20.7,0.0,10.8,53.5
2025-07-11 16:00:00,BP_02,984,0.117,21.8,0.0,11.3,50.2
2025-07-11 16:00:00,RR_01,1125,0.114,20.3,0.0,12.2,53.4
2025-07-11 17:00:00,BP_02,1293,0.116,17.6,0.0,3.6,63.8
2025-07-11 17:00:00,RR_01,1164,0.121,15.5,0.7,4.8,69.3
2025-07-11 18:00:00,BP_02,1025,0.116,17.7,0.0,15.6,44.5
2025-07-11 18:00:00,RR_01,1084,0.146,14.8,0.0,10.5,62.9
2025-07-11 19:00:00,BP_02,772,0.105,11.7,0.0,10.9,46.4
2025-07-11 19:00:00,RR_01,800,0.089,11.1,1.5,11.7,46.0
2025-07-11 20:00:00,BP_02,426,0.086,8.8,0.0,5.0,32.1
2025-07-11 20:00:00,RR_01,454,0.101,8.9,0.0,25.1,29.1
2025-07-11 21:00:00,BP_02,367,0.09,8.7,0.0,4.8,35.6
2025-07-11 21:00:00,RR_01,359,0.083,9.8,0.9,6.4,31.5
2025-07-11 22:00:00,BP_02,278,0.089,8.4,0.0,17.5,20.1
2025-07-11 22:00:00,RR_01,151,0.09,8.0,0.0,19.3,25.5
2025-07-11 23:00:00,BP_02,224,0.085,3.3,0.0,10.1,30.6
2025-07-11 23:00:00,RR_01,251,0.108,6.3,0.0,17.0,27.6
2025-07-12 00:00:00,BP_02,81,0.031,4.7,0.0,18.0,15.1
2025-07-12 00:00:00,RR_01,10,0.024,3.4,0.0,13.4,5.0
2025-07-12 01:00:00,BP_02,74,0.031,4.4,0.0,19.9,8.2
2025-07-12 01:00:00,RR_01,10,0.048,4.9,7.3,20.8,6.2
2025-07-12 02:00:00,BP_02,10,0.031,6.6,0.0,17.1,11.9
2025-07-12 02:00:00,RR_01,96,0.037,8.2,0.0,13.9,14.6
2025-07-12 03:00:00,BP_02,65,0.021,7.9,0.8,9.3,15.2
2025-07-12 03:00:00,RR_01,10,0.024,8.1,0.0,13.9,12.5
2025-07-12 04:00:00,BP_02,111,0.028,12.0,0.0,0.5,27.4
2025-07-12 04:00:00,RR_01,10,0.036,13.5,0.0,11.7,13.5
2025-07-12 05:00:00,BP_02,61,0.038,12.2,0.0,13.6,10.5
2025-07-12 05:00:00,RR_01,29,0.04,13.0,0.0,18.1,16.5
2025-07-12 06:00:00,BP_02,468,0.058,17.1,0.0,22.5,24.1
2025-07-12 06:00:00,RR_01,516,0.066,15.3,3.0,17.5,21.8
2025-07-12 07:00:00,BP_02,782,0.062,17.1,0.0,11.8,37.4
2025-07-12 07:00:00,RR_01,701,0.044,17.1,0.0,8.9,37.4
2025-07-12 08:00:00,BP_02,982,0.062,21.4,2.1,2.1,51.0
2025-07-12 08:00:00,RR_01,1008,0.053,20.2,0.0,5.4,41.6
2025-07-12 09:00:00,BP_02,754,0.064,22.4,0.0,8.6,43.1
2025-07-12 09:00:00,RR_01,773,0.058,21.8,0.0,11.0,42.7
2025-07-12 10:00:00,BP_02,430,0.066,26.3,0.1,11.1,27.7
2025-07-12 10:00:00,RR_01,395,0.059,24.7,0.0,8.0,29.6
2025-07-12 11:00:00,BP_02,259,0.058,22.4,0.0,6.5,25.0
2025-07-12 11:00:00,RR_01,259,0.066,26.1,0.0,11.7,26.5
2025-07-12 12:00:00,BP_02,154,0.051,23.3,3.2,0.8,29.2
2025-07-12 12:00:00,RR_01,188,0.062,23.8,0.0,18.2,15.5
2025-07-12 13:00:00,BP_02,195,0.048,27.4,0.0,11.5,26.3
2025-07-12 13:00:00,RR_01,184,0.047,22.7,0.0,9.7,26.4
2025-07-12 14:00:00,BP_02,350,0.07,22.6,1.3,8.1,31.8
2025-07-12 14:00:00,RR_01,354,0.064,20.9,0.0,11.8,31.6
2025-07-12 15:00:00,BP_02,669,0.068,21.1,0.0,20.9,32.2
2025-07-12 15:00:00,RR_01,592,0.066,22.8,0.0,12.3,36.9
2025-07-12 16:00:00,BP_02,855,0.066,18.7,0.0,12.5,41.4
2025-07-12 16:00:00,RR_01,917,0.066,18.3,0.0,16.2,41.8
2025-07-12 17:00:00,BP_02,1087,0.068,19.3,0.0,14.3,50.8
2025-07-12 17:00:00,RR_01,1083,0.071,14.4,0.0,0.8,57.9
2025-07-12 18:00:00,BP_02,951,0.058,13.1,0.5,11.4,45.7
2025-07-12 18:00:00,RR_01,991,0.068,15.6,0.0,9.0,45.6
2025-07-12 19:00:00,BP_02,651,0.024,12.4,0.0,12.5,24.6
2025-07-12 19:00:00,RR_01,550,0.035,16.2,0.0,13.1,32.6
2025-07-12 20:00:00,BP_02,310,0.02,9.6,0.0,3.7,27.1
2025-07-12 20:00:00,RR_01,457,0.029,10.0,9.5,18.0,29.8
2025-07-12 21:00:00,BP_02,127,0.019,9.5,1.0,6.8,14.2
2025-07-12 21:00:00,RR_01,114,0.013,9.2,1.6,9.5,19.5
2025-07-12 22:00:00,BP_02,191,0.042,5.5,0.0,17.4,11.4
2025-07-12 22:00:00,RR_01,156,0.034,6.5,0.0,2.6,19.5
2025-07-12 23:00:00,BP_02,161,0.025,6.0,0.0,13.0,9.7
2025-07-12 23:00:00,RR_01,181,0.032,5.2,0.0,15.1,18.2
2025-07-13 00:00:00,BP_02,65,0.041,3.2,0.0,10.0,16.0
2025-07-13 00:00:00,RR_01,29,0.033,6.4,0.9,8.8,10.3
2025-07-13 01:00:00,BP_02,10,0.028,8.8,0.0,14.4,7.4
2025-07-13 01:00:00,RR_01,10,0.017,4.9,0.0,6.1,16.6
2025-07-13 02:00:00,BP_02,53,0.023,6.0,0.1,14.5,5.0
2025-07-13 02:00:00,RR_01,10,0.019,6.7,0.0,8.9,14.9
2025-07-13 03:00:00,BP_02,67,0.019,7.9,0.0,22.0,6.9
2025-07-13 03:00:00,RR_01,10,0.041,8.4,0.0,11.1,7.2
2025-07-13 04:00:00,BP_02,11,0.024,12.5,0.0,12.8,9.8
2025-07-13 04:00:00,RR_01,10,0.03,9.0,0.0,9.0,9.8
2025-07-13 05:00:00,BP_02,44,0.044,11.5,1.9,6.7,17.7
2025-07-13 05:00:00,RR_01,65,0.037,13.9,0.0,1.0,19.8
2025-07-13 06:00:00,BP_02,463,0.049,17.5,0.0,11.4,26.6
2025-07-13 06:00:00,RR_01,462,0.06,14.7,0.0,16.5,26.6
2025-07-13 07:00:00,BP_02,731,0.081,17.0,0.0,15.0,46.5
2025-07-13 07:00:00,RR_01,738,0.06,16.5,0.3,18.4,30.3
2025-07-13 08:00:00,BP_02,976,0.052,21.0,0.0,17.0,44.1
2025-07-13 08:00:00,RR_01,994,0.069,20.8,3.3,15.3,47.0
2025-07-13 09:00:00,BP_02,854,0.067,21.2,0.0,3.9,44.7
2025-07-13 09:00:00,RR_01,788,0.055,20.7,0.0,6.3,43.1
2025-07-13 10:00:00,BP_02,445,0.059,21.6,0.0,13.3,28.5
2025-07-13 10:00:00,RR_01,485,0.061,23.7,0.0,11.0,30.6
2025-07-13 11:00:00,BP_02,163,0.057,25.3,0.8,7.5,28.6
2025-07-13 11:00:00,RR_01,268,0.055,24.6,0.0,12.0,20.6
2025-07-13 12:00:00,BP_02,144,0.047,26.0,0.0,9.2,24.2
2025-07-13 12:00:00,RR_01,137,0.056,26.6,0.0,15.0,22.5
2025-07-13 13:00:00,BP_02,125,0.059,22.7,0.0,16.2,12.1
2025-07-13 13:00:00,RR_01,186,0.057,25.4,0.0,15.3,26.4
2025-07-13 14:00:00,BP_02,415,0.048,23.2,0.0,15.7,21.5
2025-07-13 14:00:00,RR_01,388,0.062,23.6,0.0,8.3,28.0
2025-07-13 15:00:00,BP_02,650,0.043,23.9,0.0,8.6,32.2
2025-07-13 15:00:00,RR_01,642,0.055,23.3,0.7,12.4,32.2
2025-07-13 16:00:00,BP_02,886,0.061,20.9,1.3,11.2,41.5
2025-07-13 16:00:00,RR_01,910,0.073,22.1,0.0,14.3,45.9
2025-07-13 17:00:00,BP_02,979,0.054,17.0,0.8,9.3,43.8
2025-07-13 17:00:00,RR_01,1055,0.051,18.4,0.0,19.3,41.7
2025-07-13 18:00:00,BP_02,870,0.077,14.1,0.0,26.5,37.2
2025-07-13 18:00:00,RR_01,975,0.058,15.0,2.5,15.5,42.9
2025-07-13 19:00:00,BP_02,580,0.04,15.3,0.0,13.4,33.4
2025-07-13 19:00:00,RR_01,582,0.026,10.4,0.0,15.9,30.6
2025-07-13 20:00:00,BP_02,356,0.047,7.8,0.0,7.8,31.0
2025-07-13 20:00:00,RR_01,378,0.044,8.4,0.0,12.4,17.8
2025-07-13 21:00:00,BP_02,216,0.023,7.8,0.0,18.6,13.6
2025-07-13 21:00:00,RR_01,202,0.032,7.5,0.0,19.1,20.6
2025-07-13 22:00:00,BP_02,231,0.031,4.1,0.0,18.8,9.7
2025-07-13 22:00:00,RR_01,153,0.04,5.4,0.0,14.0,17.7
2025-07-13 23:00:00,BP_02,117,0.01,7.3,0.0,21.0,5.0
2025-07-13 23:00:00,RR_01,207,0.015,5.1,0.0,7.7,17.5
2025-07-14 00:00:00,BP_02,10,0.087,5.0,0.0,22.4,12.5
2025-07-14 00:00:00,RR_01,71,0.093,5.1,0.0,19.0,18.4
2025-07-14 01:00:00,BP_02,10,0.091,5.6,0.0,15.5,13.5
2025-07-14 01:00:00,RR_01,70,0.099,6.1,0.0,15.5,21.1
2025-07-14 02:00:00,BP_02,28,0.092,10.5,0.0,10.3,26.3
2025-07-14 02:00:00,RR_01,95,0.091,6.2,1.5,9.8,16.9
2025-07-14 03:00:00,BP_02,10,0.09,7.0,0.0,11.0,15.9
2025-07-14 03:00:00,RR_01,31,0.101,8.7,0.0,9.6,29.2
2025-07-14 04:00:00,BP_02,16,0.091,12.6,0.0,10.5,23.6
2025-07-14 04:00:00,RR_01,65,0.085,10.1,0.0,13.5,20.6
2025-07-14 05:00:00,BP_02,15,0.063,11.8,0.0,10.0,11.3
2025-07-14 05:00:00,RR_01,22,0.104,9.4,0.0,14.3,22.8
2025-07-14 06:00:00,BP_02,643,0.123,14.6,0.0,18.2,42.6
2025-07-14 06:00:00,RR_01,610,0.143,13.6,0.0,13.0,47.8
2025-07-14 07:00:00,BP_02,893,0.125,21.5,2.8,12.0,50.2
2025-07-14 07:00:00,RR_01,916,0.116,17.4,0.0,13.6,45.5
2025-07-14 08:00:00,BP_02,1081,0.133,19.8,0.0,16.9,61.0
2025-07-14 08:00:00,RR_01,1104,0.116,18.2,0.0,20.5,53.7
2025-07-14 09:00:00,BP_02,958,0.124,20.0,0.0,15.4,46.4
2025-07-14 09:00:00,RR_01,952,0.135,23.0,0.0,17.4,50.0
2025-07-14 10:00:00,BP_02,566,0.119,24.1,0.0,6.5,40.8
2025-07-14 10:00:00,RR_01,553,0.136,26.0,0.0,13.0,44.8
2025-07-14 11:00:00,BP_02,407,0.131,24.4,0.0,3.4,39.7
2025-07-14 11:00:00,RR_01,491,0.115,26.5,0.0,16.7,26.7
2025-07-14 12:00:00,BP_02,345,0.096,25.6,0.9,5.8,33.4
2025-07-14 12:00:00,RR_01,278,0.116,24.7,0.0,6.8,33.5
2025-07-14 13:00:00,BP_02,371,0.115,24.5,0.0,9.9,33.6
2025-07-14 13:00:00,RR_01,303,0.117,26.9,0.0,14.0,28.7
2025-07-14 14:00:00,BP_02,444,0.112,27.0,0.0,12.7,34.1
2025-07-14 14:00:00,RR_01,558,0.107,23.9,1.2,21.0,35.8
2025-07-14 15:00:00,BP_02,823,0.12,22.9,2.4,8.8,48.3
2025-07-14 15:00:00,RR_01,801,0.111,21.6,0.0,10.9,48.8
2025-07-14 16:00:00,BP_02,1172,0.098,18.4,0.0,15.5,45.9
2025-07-14 16:00:00,RR_01,1093,0.11,19.1,0.0,7.8,54.3
2025-07-14 17:00:00,BP_02,1200,0.133,17.8,0.0,9.4,66.2
2025-07-14 17:00:00,RR_01,1231,0.112,17.1,0.0,8.7,58.2
2025-07-14 18:00:00,BP_02,1009,0.118,13.8,0.0,13.3,64.2
2025-07-14 18:00:00,RR_01,1061,0.12,14.4,0.0,6.6,57.5
2025-07-14 19:00:00,BP_02,763,0.093,12.0,0.0,12.6,43.9
2025-07-14 19:00:00,RR_01,717,0.092,12.7,0.0,8.1,39.9
2025-07-14 20:00:00,BP_02,550,0.092,8.6,0.0,20.7,27.6
2025-07-14 20:00:00,RR_01,504,0.106,10.2,0.0,10.1,41.2
2025-07-14 21:00:00,BP_02,331,0.103,11.1,0.0,7.1,29.6
2025-07-14 21:00:00,RR_01,328,0.08,7.9,0.0,5.0,30.5
2025-07-14 22:00:00,BP_02,307,0.071,5.3,0.0,23.0,23.7
2025-07-14 22:00:00,RR_01,362,0.1,7.0,0.0,12.1,20.2
2025-07-14 23:00:00,BP_02,319,0.091,6.4,3.7,9.0,32.5
2025-07-14 23:00:00,RR_01,294,0.088,7.1,0.0,16.5,24.6
2025-07-15 00:00:00,BP_02,90,0.101,4.5,0.0,5.3,26.0
2025-07-15 00:00:00,RR_01,10,0.09,6.4,0.0,7.5,18.2
2025-07-15 01:00:00,BP_02,68,0.089,3.6,0.0,10.9,25.3
2025-07-15 01:00:00,RR_01,13,0.097,3.1,0.0,19.6,10.7
2025-07-15 02:00:00,BP_02,70,0.08,6.6,0.0,28.2,5.0
2025-07-15 02:00:00,RR_01,50,0.079,2.5,2.5,14.6,13.7
2025-07-15 03:00:00,BP_02,10,0.084,8.5,0.0,16.5,20.1
2025-07-15 03:00:00,RR_01,10,0.094,9.3,0.0,17.2,18.4
2025-07-15 04:00:00,BP_02,51,0.086,10.8,0.0,15.0,20.3
2025-07-15 04:00:00,RR_01,10,0.092,7.9,0.0,8.7,27.3
2025-07-15 05:00:00,BP_02,10,0.083,8.5,0.1,16.0,13.3
2025-07-15 05:00:00,RR_01,50,0.095,12.1,0.0,16.3,21.0
2025-07-15 06:00:00,BP_02,636,0.118,13.1,0.0,8.2,38.4
2025-07-15 06:00:00,RR_01,606,0.123,13.2,0.0,6.5,42.3
2025-07-15 07:00:00,BP_02,980,0.135,19.0,0.0,13.6,54.3
2025-07-15 07:00:00,RR_01,897,0.145,14.9,0.0,16.5,52.9
2025-07-15 08:00:00,BP_02,1127,0.114,18.6,0.0,12.0,62.1
2025-07-15 08:00:00,RR_01,1076,0.114,20.8,0.0,12.9,52.7
2025-07-15 09:00:00,BP_02,904,0.115,22.4,0.0,21.0,44.5
2025-07-15 09:00:00,RR_01,934,0.115,23.2,0.0,14.8,46.6
2025-07-15 10:00:00,BP_02,584,0.125,21.8,3.5,11.5,38.4
2025-07-15 10:00:00,RR_01,522,0.114,22.8,0.0,6.1,36.7
2025-07-15 11:00:00,BP_02,476,0.118,25.8,0.0,10.1,39.2
2025-07-15 11:00:00,RR_01,316,0.114,20.8,0.0,7.5,27.4
2025-07-15 12:00:00,BP_02,311,0.107,26.4,0.1,6.2,41.4
2025-07-15 12:00:00,RR_01,292,0.114,24.2,0.0,15.0,28.4
2025-07-15 13:00:00,BP_02,416,0.119,25.8,0.0,12.7,37.1
2025-07-15 13:00:00,RR_01,353,0.132,25.2,0.0,7.3,38.4
2025-07-15 14:00:00,BP_02,517,0.119,25.2,0.0,13.5,40.2
2025-07-15 14:00:00,RR_01,516,0.134,21.4,0.0,14.3,39.0
2025-07-15 15:00:00,BP_02,745,0.13,24.4,0.0,6.0,54.8
2025-07-15 15:00:00,RR_01,835,0.114,22.3,0.0,5.2,49.5
2025-07-15 16:00:00,BP_02,994,0.11,18.2,0.0,14.3,52.8
2025-07-15 16:00:00,RR_01,1104,0.112,20.0,0.0,16.2,49.7
2025-07-15 17:00:00,BP_02,1210,0.13,16.4,0.0,13.2,57.2
2025-07-15 17:00:00,RR_01,1192,0.125,18.5,0.0,5.8,65.3
2025-07-15 18:00:00,BP_02,1066,0.119,16.3,0.0,17.1,45.7
2025-07-15 18:00:00,RR_01,1060,0.114,15.2,0.0,14.8,47.8
2025-07-15 19:00:00,BP_02,852,0.079,14.1,0.0,18.1,37.3
2025-07-15 19:00:00,RR_01,711,0.096,11.0,0.0,15.1,43.4
2025-07-15 20:00:00,BP_02,457,0.077,9.0,0.0,12.5,27.3
2025-07-15 20:00:00,RR_01,499,0.092,11.8,1.3,8.5,32.8
2025-07-15 21:00:00,BP_02,477,0.109,6.8,0.0,6.8,41.6
2025-07-15 21:00:00,RR_01,348,0.075,7.7,0.0,14.9,24.0
2025-07-15 22:00:00,BP_02,332,0.088,5.4,0.0,7.8,34.8
2025-07-15 22:00:00,RR_01,330,0.105,6.3,0.0,13.3,25.0
2025-07-15 23:00:00,BP_02,321,0.099,2.9,5.9,20.8,26.8
2025-07-15 23:00:00,RR_01,260,0.108,3.9,0.0,9.3,29.1
2025-07-16 00:00:00,BP_02,10,0.073,3.1,0.0,12.8,12.6
2025-07-16 00:00:00,RR_01,55,0.084,4.3,0.0,7.0,27.1
2025-07-16 01:00:00,BP_02,45,0.116,3.5,0.0,20.7,27.1
2025-07-16 01:00:00,RR_01,106,0.086,4.0,0.0,2.2,29.5
2025-07-16 02:00:00,BP_02,53,0.099,5.9,0.0,14.5,19.6
2025-07-16 02:00:00,RR_01,24,0.093,6.1,0.0,13.7,23.9
2025-07-16 03:00:00,BP_02,77,0.087,8.3,0.0,15.8,22.3
2025-07-16 03:00:00,RR_01,5473,0.093,10.5,3.0,4.2,221.0
2025-07-16 04:00:00,BP_02,10,0.087,10.7,0.0,16.7,17.6
2025-07-16 04:00:00,RR_01,65,0.097,7.9,0.0,12.5,17.9
2025-07-16 05:00:00,BP_02,108,0.097,11.6,0.0,5.9,27.8
2025-07-16 05:00:00,RR_01,18,0.11,10.0,0.0,10.7,22.1
2025-07-16 06:00:00,BP_02,612,0.127,14.3,0.0,13.5,44.1
2025-07-16 06:00:00,RR_01,605,0.118,17.2,0.0,15.4,36.5
2025-07-16 07:00:00,BP_02,953,0.122,17.8,0.8,5.8,52.5
2025-07-16 07:00:00,RR_01,923,0.112,17.3,0.0,10.5,56.2
2025-07-16 08:00:00,BP_02,1088,0.12,17.8,0.0,10.6,62.0
2025-07-16 08:00:00,RR_01,1104,0.106,19.0,0.0,10.4,50.9
2025-07-16 09:00:00,BP_02,876,0.126,23.5,0.0,15.2,42.5
2025-07-16 09:00:00,RR_01,884,0.113,23.6,0.0,15.7,50.8
2025-07-16 10:00:00,BP_02,598,0.103,25.6,0.0,6.9,37.7
2025-07-16 10:00:00,RR_01,595,0.12,22.8,0.0,13.7,44.0
2025-07-16 11:00:00,BP_02,395,0.116,23.7,0.0,14.8,38.5
2025-07-16 11:00:00,RR_01,411,0.138,27.4,0.0,13.6,44.4
2025-07-16 12:00:00,BP_02,259,0.104,24.4,0.0,4.5,35.4
2025-07-16 12:00:00,RR_01,401,0.115,26.0,0.8,14.3,32.0
2025-07-16 13:00:00,BP_02,403,0.126,26.5,0.0,17.7,43.5
2025-07-16 13:00:00,RR_01,412,0.122,23.9,0.0,4.3,42.7
2025-07-16 14:00:00,BP_02,550,0.113,23.5,0.0,8.7,41.0
2025-07-16 14:00:00,RR_01,608,0.12,26.9,0.0,15.8,48.9
2025-07-16 15:00:00,BP_02,725,0.104,23.0,0.0,6.9,52.6
2025-07-16 15:00:00,RR_01,723,0.132,21.2,0.0,15.1,42.5
2025-07-16 16:00:00,BP_02,1010,0.112,19.9,0.0,4.8,48.9
2025-07-16 16:00:00,RR_01,1105,0.145,21.1,0.0,6.9,56.0
2025-07-16 17:00:00,BP_02,1184,0.121,19.9,0.0,9.1,54.8
2025-07-16 17:00:00,RR_01,1209,0.115,18.0,0.1,10.8,52.1
2025-07-16 18:00:00,BP_02,1063,0.118,15.7,0.0,2.5,63.4
2025-07-16 18:00:00,RR_01,1171,0.115,17.0,0.0,11.8,60.9
2025-07-16 19:00:00,BP_02,748,0.078,13.2,0.0,9.3,35.2
2025-07-16 19:00:00,RR_01,721,0.1,14.8,0.0,11.3,35.4
2025-07-16 20:00:00,BP_02,497,0.073,10.8,3.3,17.5,29.1
2025-07-16 20:00:00,RR_01,458,0.097,10.0,0.0,13.7,32.0
2025-07-16 21:00:00,BP_02,373,0.091,7.1,0.7,11.1,36.2
2025-07-16 21:00:00,RR_01,332,0.108,6.8,0.0,19.2,30.1
2025-07-16 22:00:00,BP_02,245,0.084,5.6,0.0,6.1,31.4
2025-07-16 22:00:00,RR_01,207,0.096,7.0,0.0,17.4,24.8
2025-07-16 23:00:00,BP_02,239,0.087,6.5,0.0,13.1,26.1
2025-07-16 23:00:00,RR_01,275,0.086,4.3,0.0,5.4,32.6
2025-07-17 00:00:00,BP_02,10,0.088,5.2,0.0,12.7,17.7
2025-07-17 00:00:00,RR_01,10,0.096,8.0,0.0,15.1,20.2
2025-07-17 01:00:00,BP_02,77,0.094,3.6,0.0,21.8,18.5
2025-07-17 01:00:00,RR_01,37,0.101,5.5,0.0,18.6,24.0
2025-07-17 02:00:00,BP_02,30,0.098,9.1,0.0,16.0,22.0
2025-07-17 02:00:00,RR_01,47,0.098,5.8,0.0,13.9,17.4
2025-07-17 03:00:00,BP_02,82,0.091,9.4,0.0,13.5,19.0
2025-07-17 03:00:00,RR_01,123,0.095,8.2,0.0,17.5,18.6
2025-07-17 04:00:00,BP_02,10,0.087,10.1,0.0,16.5,19.0
2025-07-17 04:00:00,RR_01,78,0.101,8.0,0.0,22.1,15.3
2025-07-17 05:00:00,BP_02,39,0.09,12.0,0.0,11.3,25.6
2025-07-17 05:00:00,RR_01,10,0.102,11.0,0.0,17.1,22.3
2025-07-17 06:00:00,BP_02,605,0.117,15.3,0.0,11.6,40.5
2025-07-17 06:00:00,RR_01,549,0.134,16.8,0.0,13.2,44.6
2025-07-17 07:00:00,BP_02,894,0.104,18.4,6.4,20.3,44.4
2025-07-17 07:00:00,RR_01,947,0.126,16.6,0.0,17.2,51.7
2025-07-17 08:00:00,BP_02,1022,0.131,17.0,0.0,3.8,61.4
2025-07-17 08:00:00,RR_01,1033,0.118,18.4,0.0,12.7,58.5
2025-07-17 09:00:00,BP_02,1010,0.129,25.2,0.0,16.8,54.6
2025-07-17 09:00:00,RR_01,1014,0.121,22.9,0.0,12.1,49.2
2025-07-17 10:00:00,BP_02,664,0.14,22.5,0.0,11.4,49.5
2025-07-17 10:00:00,RR_01,653,0.132,25.4,0.0,10.2,52.0
2025-07-17 11:00:00,BP_02,367,0.143,24.7,0.0,10.5,33.9
2025-07-17 11:00:00,RR_01,363,0.112,25.7,0.0,19.8,35.5
2025-07-17 12:00:00,BP_02,354,0.108,25.1,0.0,9.2,31.9
2025-07-17 12:00:00,RR_01,242,0.124,26.5,1.7,7.9,36.1
2025-07-17 13:00:00,BP_02,339,0.117,27.7,0.0,12.8,30.8
2025-07-17 13:00:00,RR_01,431,0.116,23.5,0.0,19.7,39.1
2025-07-17 14:00:00,BP_02,451,0.145,23.5,0.3,11.8,36.4
2025-07-17 14:00:00,RR_01,495,0.12,21.5,0.0,14.5,30.4
2025-07-17 15:00:00,BP_02,853,0.12,24.5,0.0,9.9,42.8
2025-07-17 15:00:00,RR_01,823,0.133,24.3,0.0,5.0,51.1
2025-07-17 16:00:00,BP_02,979,0.122,20.6,0.0,8.5,41.7
2025-07-17 16:00:00,RR_01,982,0.122,19.5,0.0,13.8,49.3
2025-07-17 17:00:00,BP_02,1185,0.105,16.1,0.0,2.5,66.7
2025-07-17 17:00:00,RR_01,1170,0.12,17.2,0.0,1.5,66.6
2025-07-17 18:00:00,BP_02,1066,0.122,15.2,0.0,8.4,51.2
2025-07-17 18:00:00,RR_01,1062,0.106,17.0,0.0,15.1,47.8
2025-07-17 19:00:00,BP_02,844,0.109,12.2,0.0,9.4,55.0
2025-07-17 19:00:00,RR_01,764,0.097,13.2,1.4,16.4,44.4
2025-07-17 20:00:00,BP_02,545,0.103,8.4,3.6,12.8,40.3
2025-07-17 20:00:00,RR_01,478,0.096,10.7,0.0,9.0,41.8
2025-07-17 21:00:00,BP_02,278,0.084,8.5,0.6,21.8,20.9
2025-07-17 21:00:00,RR_01,393,0.112,11.2,0.1,12.6,36.7
2025-07-17 22:00:00,BP_02,313,0.086,6.4,0.0,8.9,32.7
2025-07-17 22:00:00,RR_01,260,0.087,5.4,0.0,21.8,23.5
2025-07-17 23:00:00,BP_02,303,0.079,6.2,0.0,6.9,31.8
2025-07-17 23:00:00,RR_01,295,0.092,6.7,0.0,9.5,26.2
2025-07-18 00:00:00,BP_02,18,0.081,5.3,0.0,8.4,16.7
2025-07-18 00:00:00,RR_01,36,0.092,5.1,4.0,6.7,20.4
2025-07-18 01:00:00,BP_02,60,0.071,4.4,0.0,12.8,18.9
2025-07-18 01:00:00,RR_01,55,0.106,5.7,0.0,19.4,24.7
2025-07-18 02:00:00,BP_02,10,0.089,7.5,1.0,14.9,14.6
2025-07-18 02:00:00,RR_01,65,0.089,8.6,0.0,21.8,19.8
2025-07-18 03:00:00,BP_02,10,0.105,7.0,0.0,15.6,22.7
2025-07-18 03:00:00,RR_01,10,0.093,8.7,0.0,12.0,20.3
2025-07-18 04:00:00,BP_02,55,0.094,5.4,0.0,16.1,17.0
2025-07-18 04:00:00,RR_01,10,0.096,10.8,0.0,17.1,16.6
2025-07-18 05:00:00,BP_02,72,0.104,12.6,0.0,16.8,20.9
2025-07-18 05:00:00,RR_01,102,0.092,14.0,0.0,18.7,11.6
2025-07-18 06:00:00,BP_02,601,0.131,14.2,0.0,10.6,42.9
2025-07-18 06:00:00,RR_01,610,0.116,14.5,0.0,8.3,38.8
2025-07-18 07:00:00,BP_02,908,0.115,18.2,2.6,22.3,45.4
2025-07-18 07:00:00,RR_01,885,0.122,16.3,0.0,9.6,59.0
2025-07-18 08:00:00,BP_02,1094,0.112,23.0,0.0,10.2,62.8
2025-07-18 08:00:00,RR_01,1177,0.131,18.4,0.0,18.2,51.8
2025-07-18 09:00:00,BP_02,960,0.113,25.1,0.0,12.5,50.1
2025-07-18 09:00:00,RR_01,928,0.11,19.1,0.0,20.4,46.6
2025-07-18 10:00:00,BP_02,596,0.103,23.4,0.0,18.5,40.9
2025-07-18 10:00:00,RR_01,653,0.121,26.7,0.0,14.8,45.7
2025-07-18 11:00:00,BP_02,334,0.12,23.4,0.0,14.8,33.9
2025-07-18 11:00:00,RR_01,389,0.113,23.0,0.0,7.6,31.4
2025-07-18 12:00:00,BP_02,266,0.091,25.9,0.0,0.8,39.2
2025-07-18 12:00:00,RR_01,431,0.132,24.7,0.0,21.9,33.6
2025-07-18 13:00:00,BP_02,289,0.126,24.1,0.0,12.0,31.4
2025-07-18 13:00:00,RR_01,451,0.105,24.2,0.0,9.3,40.2
2025-07-18 14:00:00,BP_02,573,0.121,24.2,0.0,16.3,41.3
2025-07-18 14:00:00,RR_01,488,0.114,24.1,0.0,10.3,38.2
2025-07-18 15:00:00,BP_02,802,0.125,21.1,0.0,5.3,51.2
2025-07-18 15:00:00,RR_01,810,0.124,23.3,0.0,13.7,58.8
2025-07-18 16:00:00,BP_02,1056,0.131,20.4,0.0,15.8,42.5
2025-07-18 16:00:00,RR_01,1094,0.136,21.3,0.0,19.8,47.6
2025-07-18 17:00:00,BP_02,1177,0.122,16.4,0.0,14.0,53.6
2025-07-18 17:00:00,RR_01,1268,0.119,16.7,0.0,16.3,63.4
2025-07-18 18:00:00,BP_02,1033,0.136,16.8,0.0,17.9,55.7
2025-07-18 18:00:00,RR_01,1013,0.114,14.7,0.0,14.1,51.3
2025-07-18 19:00:00,BP_02,816,0.096,11.5,0.0,8.5,48.8
2025-07-18 19:00:00,RR_01,796,0.109,12.8,0.0,14.3,47.9
2025-07-18 20:00:00,BP_02,596,0.082,11.0,0.0,17.0,29.0
2025-07-18 20:00:00,RR_01,553,0.076,9.6,0.0,12.2,36.4
2025-07-18 21:00:00,BP_02,332,0.088,6.0,0.0,12.8,30.0
2025-07-18 21:00:00,RR_01,274,0.068,10.3,0.0,14.8,21.0
2025-07-18 22:00:00,BP_02,370,0.067,7.5,0.0,20.8,25.8
2025-07-18 22:00:00,RR_01,254,0.094,7.1,0.0,0.6,34.5
2025-07-18 23:00:00,BP_02,303,0.081,3.9,0.0,25.9,20.7
2025-07-18 23:00:00,RR_01,200,0.085,6.4,0.0,10.5,18.5
2025-07-19 00:00:00,BP_02,10,0.026,5.4,3.0,19.7,11.5
2025-07-19 00:00:00,RR_01,10,0.02,6.0,0.0,13.2,13.5
2025-07-19 01:00:00,BP_02,90,0.035,6.9,0.0,14.4,17.1
2025-07-19 01:00:00,RR_01,50,0.037,7.1,5.7,6.2,19.0
2025-07-19 02:00:00,BP_02,14,0.022,6.0,0.0,23.6,6.1
2025-07-19 02:00:00,RR_01,90,0.032,6.6,1.4,13.9,17.1
2025-07-19 03:00:00,BP_02,29,0.018,6.4,0.0,15.0,8.5
2025-07-19 03:00:00,RR_01,18,0.024,6.0,0.0,11.0,17.2
2025-07-19 04:00:00,BP_02,28,0.011,10.7,0.0,7.5,17.6
2025-07-19 04:00:00,RR_01,97,0.017,10.6,0.0,20.8,11.0
2025-07-19 05:00:00,BP_02,10,0.024,11.2,0.0,11.8,14.1
2025-07-19 05:00:00,RR_01,10,0.039,11.4,0.0,19.9,10.6
2025-07-19 06:00:00,BP_02,458,0.08,14.4,0.0,15.8,24.9
2025-07-19 06:00:00,RR_01,359,0.067,14.2,0.0,9.7,25.4
2025-07-19 07:00:00,BP_02,744,0.063,18.0,0.0,16.1,37.7
2025-07-19 07:00:00,RR_01,770,0.059,18.5,0.0,11.2,36.7
2025-07-19 08:00:00,BP_02,878,0.069,22.0,0.0,6.4,41.8
2025-07-19 08:00:00,RR_01,969,0.078,21.9,0.0,11.6,52.4
2025-07-19 09:00:00,BP_02,747,0.051,22.1,0.0,6.5,36.4
2025-07-19 09:00:00,RR_01,771,0.049,22.1,0.0,9.7,44.9
2025-07-19 10:00:00,BP_02,418,0.044,23.7,0.0,10.3,25.1
2025-07-19 10:00:00,RR_01,341,0.045,24.1,0.0,13.0,23.2
2025-07-19 11:00:00,BP_02,288,0.048,25.8,0.0,14.7,22.2
2025-07-19 11:00:00,RR_01,232,0.053,27.2,0.0,8.2,24.4
2025-07-19 12:00:00,BP_02,125,0.059,25.1,0.0,15.3,19.7
2025-07-19 12:00:00,RR_01,113,0.06,25.4,0.0,6.3,18.8
2025-07-19 13:00:00,BP_02,174,0.04,25.6,0.0,12.7,17.0
2025-07-19 13:00:00,RR_01,247,0.062,28.6,0.0,15.1,27.0
2025-07-19 14:00:00,BP_02,362,0.05,25.3,2.0,7.8,26.5
2025-07-19 14:00:00,RR_01,369,0.058,24.5,1.1,15.1,28.1
2025-07-19 15:00:00,BP_02,545,0.054,21.6,0.0,20.7,25.5
2025-07-19 15:00:00,RR_01,565,0.064,19.4,0.0,8.0,43.4
2025-07-19 16:00:00,BP_02,878,0.047,15.1,0.0,6.6,47.9
2025-07-19 16:00:00,RR_01,886,0.047,21.1,0.0,16.5,35.5
2025-07-19 17:00:00,BP_02,966,0.039,16.4,0.8,18.5,28.0
2025-07-19 17:00:00,RR_01,997,0.074,18.2,0.0,8.8,47.9
2025-07-19 18:00:00,BP_02,957,0.063,16.8,0.0,15.7,42.2
2025-07-19 18:00:00,RR_01,908,0.059,16.9,0.0,13.3,43.6
2025-07-19 19:00:00,BP_02,597,0.03,12.4,0.0,18.4,33.5
2025-07-19 19:00:00,RR_01,659,0.041,13.4,0.0,16.1,34.2
2025-07-19 20:00:00,BP_02,350,0.038,9.5,0.0,9.8,27.2
2025-07-19 20:00:00,RR_01,301,0.033,9.8,0.0,11.8,21.2
2025-07-19 21:00:00,BP_02,258,0.019,9.7,2.1,11.3,24.4
2025-07-19 21:00:00,RR_01,237,0.035,6.1,0.0,14.3,15.7
2025-07-19 22:00:00,BP_02,127,0.038,6.2,0.0,12.3,9.1
2025-07-19 22:00:00,RR_01,137,0.036,6.0,0.0,9.4,22.3
2025-07-19 23:00:00,BP_02,136,0.045,2.2,0.0,9.6,14.7
2025-07-19 23:00:00,RR_01,112,0.034,4.1,0.0,11.0,19.8
2025-07-20 00:00:00,BP_02,10,0.033,2.7,0.0,13.1,14.8
2025-07-20 00:00:00,RR_01,10,0.036,4.1,0.0,11.0,10.5
2025-07-20 01:00:00,BP_02,10,0.024,6.0,0.0,19.9,14.4
2025-07-20 01:00:00,RR_01,10,0.043,6.2,0.0,8.3,21.7
2025-07-20 02:00:00,BP_02,10,0.031,6.2,0.0,5.5,11.7
2025-07-20 02:00:00,RR_01,10,0.032,8.8,0.0,11.1,18.3
2025-07-20 03:00:00,BP_02,10,0.023,10.1,0.0,8.7,12.2
2025-07-20 03:00:00,RR_01,10,0.037,8.5,0.0,4.3,18.1
2025-07-20 04:00:00,BP_02,10,0.022,8.9,0.0,8.2,15.4
2025-07-20 04:00:00,RR_01,114,0.029,8.2,2.6,9.5,17.5
2025-07-20 05:00:00,BP_02,37,0.037,11.9,0.0,11.5,9.0
2025-07-20 05:00:00,RR_01,25,0.044,13.1,0.0,10.6,17.9
2025-07-20 06:00:00,BP_02,399,0.059,13.7,0.0,11.3,30.5
2025-07-20 06:00:00,RR_01,409,0.053,16.8,0.0,10.7,24.8
2025-07-20 07:00:00,BP_02,789,0.072,16.8,0.0,15.9,28.7
2025-07-20 07:00:00,RR_01,783,0.078,16.7,0.0,10.8,42.6
2025-07-20 08:00:00,BP_02,974,0.056,17.2,0.0,12.2,46.8
2025-07-20 08:00:00,RR_01,944,0.06,19.8,0.0,11.7,36.1
2025-07-20 09:00:00,BP_02,749,0.057,21.5,0.0,13.5,33.6
2025-07-20 09:00:00,RR_01,762,0.046,22.1,0.0,14.4,39.7
2025-07-20 10:00:00,BP_02,404,0.054,23.6,0.1,14.0,24.8
2025-07-20 10:00:00,RR_01,475,0.061,22.5,0.0,16.4,22.1
2025-07-20 11:00:00,BP_02,240,0.049,24.5,0.0,13.2,24.1
2025-07-20 11:00:00,RR_01,274,0.053,25.6,0.7,8.8,31.2
2025-07-20 12:00:00,BP_02,168,0.068,28.2,0.0,15.5,22.2
2025-07-20 12:00:00,RR_01,152,0.068,24.8,0.0,6.0,23.4
2025-07-20 13:00:00,BP_02,225,0.082,27.4,0.0,11.4,25.9
2025-07-20 13:00:00,RR_01,185,0.053,25.3,0.0,6.8,22.7
2025-07-20 14:00:00,BP_02,429,0.056,22.5,0.0,20.2,28.4
2025-07-20 14:00:00,RR_01,337,0.056,22.3,0.0,9.6,24.5
2025-07-20 15:00:00,BP_02,615,0.053,19.0,6.4,24.7,20.7
2025-07-20 15:00:00,RR_01,496,0.041,21.4,0.0,10.2,28.5
2025-07-20 16:00:00,BP_02,879,0.053,19.9,0.0,15.5,40.8
2025-07-20 16:00:00,RR_01,836,0.055,21.1,0.0,8.2,48.3
2025-07-20 17:00:00,BP_02,1005,0.053,18.2,0.0,13.1,41.8
2025-07-20 17:00:00,RR_01,1118,0.036,17.0,0.0,5.5,40.2
2025-07-20 18:00:00,BP_02,869,0.076,13.7,0.0,15.1,46.3
2025-07-20 18:00:00,RR_01,994,0.044,17.6,0.0,9.7,50.4
2025-07-20 19:00:00,BP_02,538,0.023,11.2,0.0,6.5,33.4
2025-07-20 19:00:00,RR_01,599,0.038,11.8,0.0,12.9,32.4
2025-07-20 20:00:00,BP_02,397,0.024,12.4,0.0,12.9,26.2
2025-07-20 20:00:00,RR_01,379,0.038,10.3,0.0,15.0,18.6
2025-07-20 21:00:00,BP_02,100,0.018,7.5,0.0,8.3,22.6
2025-07-20 21:00:00,RR_01,228,0.034,9.3,1.0,9.2,17.0
2025-07-20 22:00:00,BP_02,188,0.033,7.3,0.0,14.5,21.9
2025-07-20 22:00:00,RR_01,317,0.02,4.2,0.0,9.9,28.7
2025-07-20 23:00:00,BP_02,108,0.029,3.9,0.0,8.4,16.9
2025-07-20 23:00:00,RR_01,208,0.03,2.7,2.2,7.4,17.4
2025-07-21 00:00:00,BP_02,10,0.079,4.9,0.0,10.3,19.6
2025-07-21 00:00:00,RR_01,23,0.09,2.7,0.0,11.8,16.0
2025-07-21 01:00:00,BP_02,10,0.081,4.8,1.0,2.6,26.1
2025-07-21 01:00:00,RR_01,10,0.078,7.2,1.6,7.8,25.3
2025-07-21 02:00:00,BP_02,102,0.105,5.3,0.0,6.1,28.2
2025-07-21 02:00:00,RR_01,10,0.105,5.5,0.0,14.9,21.8
2025-07-21 03:00:00,BP_02,30,0.09,9.7,1.5,13.8,22.6
2025-07-21 03:00:00,RR_01,40,0.099,11.8,0.0,3.1,22.8
2025-07-21 04:00:00,BP_02,70,0.091,7.9,0.0,7.7,15.2
2025-07-21 04:00:00,RR_01,10,0.088,9.2,3.0,10.2,21.6
2025-07-21 05:00:00,BP_02,103,0.091,12.9,0.0,17.3,27.9
2025-07-21 05:00:00,RR_01,10,0.09,12.7,0.0,13.5,15.2
2025-07-21 06:00:00,BP_02,602,0.134,14.5,0.0,7.2,45.8
2025-07-21 06:00:00,RR_01,561,0.122,17.3,6.1,12.9,44.4
2025-07-21 07:00:00,BP_02,863,0.11,18.2,0.0,14.3,40.5
2025-07-21 07:00:00,RR_01,868,0.1,20.6,0.0,25.5,44.5
2025-07-21 08:00:00,BP_02,1088,0.116,19.5,0.0,8.2,53.8
2025-07-21 08:00:00,RR_01,1184,0.118,23.1,0.0,13.7,60.0
2025-07-21 09:00:00,BP_02,885,0.118,23.4,0.0,13.9,40.2
2025-07-21 09:00:00,RR_01,967,0.113,23.9,0.0,7.0,55.5
2025-07-21 10:00:00,BP_02,569,0.103,22.3,0.0,4.3,37.9
2025-07-21 10:00:00,RR_01,594,0.11,25.2,0.0,11.5,47.3
2025-07-21 11:00:00,BP_02,381,0.111,26.4,0.0,9.7,34.3
2025-07-21 11:00:00,RR_01,460,0.117,25.5,0.0,3.1,41.3
2025-07-21 12:00:00,BP_02,321,0.13,25.0,0.0,7.8,42.4
2025-07-21 12:00:00,RR_01,332,0.138,26.2,0.0,11.6,31.0
2025-07-21 13:00:00,BP_02,384,0.128,22.7,0.0,16.4,35.3
2025-07-21 13:00:00,RR_01,321,0.126,23.8,0.0,7.8,37.6
2025-07-21 14:00:00,BP_02,528,0.129,24.7,0.0,14.3,40.1
2025-07-21 14:00:00,RR_01,577,0.114,22.4,0.0,16.6,46.0
2025-07-21 15:00:00,BP_02,755,0.114,21.8,0.0,5.8,43.9
2025-07-21 15:00:00,RR_01,789,0.126,22.1,0.0,9.3,45.1
2025-07-21 16:00:00,BP_02,1082,0.115,17.4,0.0,11.0,52.5
2025-07-21 16:00:00,RR_01,1009,0.134,19.7,0.0,11.4,54.2
2025-07-21 17:00:00,BP_02,1172,0.102,18.1,0.0,8.1,55.4
2025-07-21 17:00:00,RR_01,1190,0.129,16.9,0.0,8.8,63.4
2025-07-21 18:00:00,BP_02,1127,0.129,16.5,0.0,16.8,53.1
2025-07-21 18:00:00,RR_01,1018,0.121,16.0,0.0,20.7,49.5
2025-07-21 19:00:00,BP_02,733,0.101,14.3,0.0,18.4,38.5
2025-07-21 19:00:00,RR_01,692,0.084,13.8,0.0,10.4,36.7
2025-07-21 20:00:00,BP_02,560,0.101,9.4,0.0,4.8,40.4
2025-07-21 20:00:00,RR_01,547,0.097,10.1,0.0,21.2,36.9
2025-07-21 21:00:00,BP_02,288,0.106,8.1,0.0,16.1,27.0
2025-07-21 21:00:00,RR_01,458,0.094,10.1,0.0,16.1,41.3
2025-07-21 22:00:00,BP_02,294,0.094,6.4,0.0,7.9,28.5
2025-07-21 22:00:00,RR_01,244,0.099,4.6,0.0,14.4,27.8
2025-07-21 23:00:00,BP_02,285,0.106,7.6,0.0,10.7,31.5
2025-07-21 23:00:00,RR_01,330,0.096,5.1,2.4,13.8,25.9
