content,x,y
 Chlor),"83.7005","6647.2085"
 Kann über die Haut aufgenommen,"418.8979","3664.5369"
 LQ27= 6 kg,"83.758995","7257.293"
"(1999/45/EG) vorgenommen. Keine Daten verfügbar","70.298","5622.682"
(Aquatic Acute 1),"69.897","569.871"
(Aquatic Acute 1),"69.897","8015.191"
(Aquatic Chronic 1),"69.897","591.171"
(Aquatic Chronic 1),"69.897","8036.491"
(Herkunfts-,"69.897","3596.803"
(IMDG),"304.172","6570.7915"
(IMDG),"304.172","6901.8647"
(LQ):,"64.327995","7131.293"
(LQ):,"184.125","7131.293"
(LQ):,"304.172","7131.293"
(LQ):,"424.219","7131.293"
"(Skin Irrit. 2)","69.897","527.271"
"(Skin Irrit. 2)","69.897","7972.591"
"(Verdünnungseffekt). Bei Unwohlsein ärztlichen Rat einholen/ärztliche Hilfe hinzuziehen.","70.298","1881.531"
*,"46.487995","238.69403"
*,"46.487995","609.682"
*,"46.487995","6291.3516"
* Daten gegenüber der Vorversion geändert,"66.259","8267.11"
"+49 (0) 89-19240 (24h) (Diese Nummer ist nur zu Bürozeiten besetzt.)","72.598","428.246"
-,"424.219","7034.86"
"1.1. Produktidentifikator","64.629","191.34998"
"1.2.","76.929","7796.687"
"1.2. Relevante identifizierte Verwendungen des Stoffs oder Gemischs und","64.629","238.69397"
"1.3. Einzelheiten zum Lieferanten, der das Sicherheitsdatenblatt bereitstellt","64.629","291.04596"
"1.4. Notrufnummer","64.629","414.69"
"10.1. Reaktivität","64.629","4790.291"
"10.2. Chemische Stabilität","64.629","4817.635"
"10.3. Möglichkeit gefährlicher Reaktionen","64.629","4844.979"
"10.4. Zu vermeidende Bedingungen","64.629","4872.3228"
"10.5. Unverträgliche Materialien","64.629","4910.467"
"10.6. Gefährliche Zersetzungsprodukte","64.629","4937.8105"
"11.1. Angaben zu toxikologischen Wirkungen","64.629","5228.68"
12 01 99,"69.897","6364.6484"
12 01 99,"69.897","6394.8486"
"12.1. Toxizität","64.629","5662.11"
"12.2. Persistenz und Abbaubarkeit","64.629","6048.9277"
"12.3. Bioakkumulationspotenzial","64.629","6076.2715"
"12.4. Mobilität im Boden","64.629","6103.6157"
"12.5. Ergebnisse der PBT- und vPvB-Beurteilung","64.629","6130.9595"
"12.6. Andere schädliche Wirkungen","64.629","6186.6675"
"13.1.","71.841","7829.687"
"13.1. Verfahren der Abfallbehandlung","64.629","6291.3516"
"13.1.1. Entsorgung des Produkts/der Verpackung","64.629","6328.068"
"13.2. Zusätzliche Angaben","64.629","6508.696"
"14.1. UN-Nr.","64.327995","6589.1797"
"14.2. Ordnungsgemäße UN-Versandbezeichnung","64.327995","6621.1235"
"14.3. Transportgefahrenklassen","64.327995","6920.253"
"14.4. Verpackungsgruppe","64.327995","6989.36"
"14.5. Umweltgefahren","64.327995","7021.3037"
"14.6. Besondere Vorsichtsmaßnahmen für den Verwender","64.327995","7092.5366"
"14.7. Massengutbeförderung gemäß Anhang II des MARPOL-Übereinkommens","64.629","7276.945"
149 – 151 °C,"217.365","4553.9956"
"15.1. Vorschriften zu Sicherheit, Gesundheits- und Umweltschutz/spezifische","64.629","7340.0366"
"15.1.1. EU-Vorschriften","64.629","7367.5605"
"15.1.2. Nationale Vorschriften","64.629","7393.361"
"15.2. Stoffsicherheitsbeurteilung","64.629","7488.399"
"15.3. Zusätzliche Angaben","64.629","7732.706"
"16.1. Änderungshinweise","64.629","7783.39"
"16.2. Abkürzungen und Akronyme","64.629","7848.1978"
"16.3. Wichtige Literaturangaben und Datenquellen","64.629","7875.542"
"16.4. Einstufung von Gemischen und verwendete Bewertungsmethode gemäß","64.629","7902.8857"
"16.5. Wortlaut der R-, H- und EUH-Sätze (Nummer und Volltext)","64.629","8055.002"
"16.6. Schulungshinweise","64.629","8134.91"
"16.7. Zusätzliche Hinweise","64.629","8162.254"
199 – 201 °C,"217.365","4530.5957"
"2.1. Einstufung des Stoffs oder Gemischs","64.629","469.974"
"2.2.","76.929","7817.987"
"2.2. Kennzeichnungselemente","64.629","609.682"
"2.3. Sonstige Gefahren","64.629","1176.094"
3(E),"64.327995","7257.293"
"3.2. Gemische","64.629","1226.778"
"4.1. Beschreibung der Erste-Hilfe-Maßnahmen","64.629","1383.7781"
"4.2. Wichtigste akute und verzögert auftretende Symptome und Wirkungen","64.629","1921.0189"
"4.3. Hinweise auf ärztliche Soforthilfe oder Spezialbehandlung","64.629","1948.363"
40 °C,"295.32797","4721.0957"
44795 Bochum,"70.298","348.202"
"5.1. Löschmittel","64.629","2009.8469"
"5.2. Besondere vom Stoff oder Gemisch ausgehende Gefahren","64.629","2094.791"
"5.3. Hinweise für die Brandbekämpfung","64.629","2156.335"
"5.4. Zusätzliche Hinweise","64.629","2183.679"
54 – ≤ 90,"471.36798","1274.475"
6 – ≤ 10,"471.36798","1308.583"
"6.1. Personenbezogene Vorsichtsmaßnahmen, Schutzausrüstungen und in","64.629","2245.163"
"6.1.1. Nicht für Notfälle geschultes Personal","64.629","2272.687"
"6.1.2. Einsatzkräfte","64.629","2334.4868"
"6.2. Umweltschutzmaßnahmen","64.629","2374.315"
"6.3. Methoden und Material für Rückhaltung und Reinigung","64.629","2412.459"
"6.4. Verweis auf andere Abschnitte","64.629","2739.508"
"6.5. Zusätzliche Hinweise","64.629","2777.6519"
"7.1. Schutzmaßnahmen zur sicheren Handhabung","64.629","2828.336"
"7.2. Bedingungen zur sicheren Lagerung unter Berücksichtigung von","64.629","2977.48"
"7.3. Spezifische Endanwendungen","64.629","3121.6318"
73/78 und gemäß IBC-Code,"64.629","7289.3525"
7704-34-9,"69.897","6168.1567"
"8.1. Zu überwachende Parameter","64.629","3558.9058"
"8.1.1. Arbeitsplatzgrenzwerte","64.629","3574.022"
"8.1.2. Biologische Grenzwerte","64.629","3705.91"
"8.1.3. DNEL-/PNEC-Werte","64.629","3731.71"
"8.2. Begrenzung und Überwachung der Exposition","64.629","3758.938"
"8.2.1. Geeignete technische Steuerungseinrichtungen","64.629","3774.054"
"8.2.2. Persönliche Schutzausrüstung","64.629","3799.854"
"8.2.3. Begrenzung und Überwachung der Umweltexposition","64.629","4048.854"
"8.3. Zusätzliche Hinweise","64.629","4076.082"
85535-85-9,"69.897","5254.177"
85535-85-9,"69.897","5687.607"
85535-85-9,"69.897","6156.4565"
9,"83.289","6964.591"
9,"203.12701","6964.672"
9,"323.174","6964.672"
9,"443.18","6964.591"
"9.1. Angaben zu den grundlegenden physikalischen und chemischen","64.629","4386.791"
"9.2. Sonstige Angaben","64.629","4739.607"
"> 480 min. Geprüfte Schutzhandschuhe sind zu tragen DIN EN 374 Geeignetes Material:","70.298","3890.1938"
ABSCHNITT 10: Stabilität und Reaktivität,"64.629","4772.127"
ABSCHNITT 11: Toxikologische Angaben,"64.629","5210.516"
ABSCHNITT 12: Umweltbezogene Angaben,"64.629","5643.946"
ABSCHNITT 13: Hinweise zur Entsorgung,"64.629","6273.1875"
ABSCHNITT 14: Angaben zum Transport,"64.629","6541.216"
ABSCHNITT 15: Rechtsvorschriften,"64.629","7321.873"
ABSCHNITT 16: Sonstige Angaben,"64.629","7765.226"
ABSCHNITT 1: Bezeichnung des Stoffs beziehungsweise des Gemischs,"64.629","159.182"
ABSCHNITT 2: Mögliche Gefahren,"64.629","451.81"
ABSCHNITT 3: Zusammensetzung / Angaben zu Bestandteilen,"64.629","1208.614"
ABSCHNITT 4: Erste-Hilfe-Maßnahmen,"64.629","1365.614"
ABSCHNITT 5: Maßnahmen zur Brandbekämpfung,"64.629","1991.6829"
ABSCHNITT 6: Maßnahmen bei unbeabsichtigter Freisetzung,"64.629","2226.999"
ABSCHNITT 7: Handhabung und Lagerung,"64.629","2810.1719"
ABSCHNITT 8: Begrenzung und Überwachung der Exposition/Persönliche,"64.629","3526.7378"
ABSCHNITT 9: Physikalische und chemische Eigenschaften,"64.629","4368.627"
AOX: nicht bestimmt,"70.298","6219.5234"
Abfallbehandlungslösungen,"64.629","6413.0674"
Abfallschlüssel Produkt:,"64.629","6351.8076"
Abfallschlüssel Verpackung:,"64.629","6382.008"
Abfallschlüssel/Abfallbezeichnungen gemäß EAK/AVV,"64.629","6339.2075"
"Abfälle a. n. g.","125.647","6364.6484"
"Abfälle a. n. g.","125.647","6394.8486"
Achtung H315,"195.247","1330.511"
Achtung H362-H410-EUH066,"195.247","1296.403"
Aggregatzustand: fest,"71.999","4425.4546"
Akute dermale Toxizität:,"64.629","5311.282"
Akute inhalative Toxizität:,"64.629","5334.682"
Akute orale Toxizität:,"64.629","5287.882"
Alkalien (Laugen),"70.298","4921.7227"
"Alkane, C14-17-, Chlor-Chlorie","149.647","3650.983"
"Alkane, C14-17-, Chlor-Chlorierte Paraffine,","126.589005","5254.177"
"Alkane, C14-17-, Chlor-Chlorierte Paraffine,","126.589005","5687.607"
"Alkane, C14-17-, Chlor-Chlorierte Paraffine, C14-17","184.047","1274.475"
"Alkane, C14-17-, Chlor-Chlorierte Paraffine, C14-17","126.589005","6156.4565"
"Alkanes, C14-17, chloro-)","303.902","6647.2085"
"Alkanes, C14-17, chloro-)","423.949","6647.2085"
Allgemeine Angaben:,"64.629","1396.834"
"Allgemeine Schutz- und Hygienemaßnahmen: Am Arbeitsplatz nicht essen, trinken, rauchen, schnupfen.","70.298","4001.794"
Anforderungen an Lagerräume und Behälter:,"64.629","3026.344"
Aquatische Toxizität:,"64.629","5747.258"
Aspirationsgefahr:,"64.629","5545.282"
Atemschutz:,"64.629","3924.394"
Augen-/Gesichtsschutz:,"64.629","3812.794"
"Augenreizung: Ärztlichen Rat einholen/ärztliche Hilfe hinzuziehen.","70.298","1596.634"
Ausrufezeichen,"81.871994","701.14795"
Aussehen,"64.629","4414.315"
"BEI BERÜHRUNG MIT DER HAUT: Mit viel Wasser/... waschen.","157.647","1145.883"
"BEI KONTAKT MIT DER KLEIDUNG: Beschmutzte, durchtränkte Kleidung wechseln. Bei Berührung mit","70.298","1519.2339"
"Bearbeitungsdatum: 05.12.2017","64.629","82.262024"
"Bearbeitungsdatum: 05.12.2017","64.629","924.151"
"Bearbeitungsdatum: 05.12.2017","64.629","1766.04"
"Bearbeitungsdatum: 05.12.2017","64.629","2607.929"
"Bearbeitungsdatum: 05.12.2017","64.629","3449.8179"
"Bearbeitungsdatum: 05.12.2017","64.629","4291.707"
"Bearbeitungsdatum: 05.12.2017","64.629","5133.596"
"Bearbeitungsdatum: 05.12.2017","64.629","5975.485"
"Bearbeitungsdatum: 05.12.2017","64.629","6817.374"
"Bearbeitungsdatum: 05.12.2017","64.629","7659.263"
Begrenzte Menge,"64.327995","7120.4927"
Begrenzte Menge,"184.125","7120.4927"
Begrenzte Menge,"304.172","7120.4927"
Begrenzte Menge,"424.219","7120.4927"
"Behandlung.","70.298","1970.419"
"Behälter dicht geschlossen halten und an einem kühlen, gut gelüfteten Ort aufbewahren.","70.298","3013.744"
Bei Berührung mit den Augen sofort bei geöffnetem Lidspalt 10 bis 15 Minuten mit fließendem Wasser,"70.298","1564.2339"
"Bei Berührung mit der Haut sofort abwaschen mit viel Wasser und Seife.","70.298","1497.634"
"Bei Brand: Gase/Dämpfe, giftig","70.298","2140.247"
"Bei Gebrauch nicht essen, trinken oder rauchen.","157.647","1104.183"
Bei Hautkontakt:,"64.629","1486.834"
"Bei Hautreizung: Ärztlichen Rat einholen/ärztliche Hilfe hinzuziehen.","157.647","1157.583"
"Bei Hautreizungen Arzt aufsuchen.","70.298","1508.434"
"Bei Unfall oder Unwohlsein sofort Arzt hinzuziehen (wenn möglich, Betriebsanweisung oder","70.298","1407.634"
"Bei der Arbeit geeignete Schutzhandschuhe und Schutzbrille/Gesichtsschutz tragen.","70.298","3868.594"
"Bei der Arbeit nicht essen, trinken, rauchen. Kontakt mit Augen und Haut ist zu vermeiden.","70.298","2961.392"
Bemerkung,"403.043","4464.0957"
Bemerkung:,"424.219","7143.8926"
Bemerkung:,"184.125","7167.293"
Bemerkung: Bemer-,"304.172","7156.4927"
Bemerkung: Klassifizie,"64.327995","7214.093"
Bemerkung: Tunnel-,"64.327995","7235.693"
"Berührung während Schwangerschaft und Stillzeit vermeiden.","157.647","1092.4829"
"Besondere Rutschgefahr durch auslaufendes/verschüttetes Produkt. Personen in Sicherheit bringen.","70.298","2296.427"
Biochemischer Sauerstoffbedarf (BSB): nicht bestimmt,"70.298","6208.7236"
Brandschutzmaßnahmen:,"64.629","2901.392"
Butylkautschuk,"70.298","3879.3938"
C14-17,"126.589005","5263.777"
C14-17,"126.589005","5697.207"
C14-17,"64.058","6647.2085"
"CAS-Nr.","69.897","5241.977"
"CAS-Nr.","69.897","5675.407"
"CAS-Nr.","69.897","6144.257"
"CAS-Nr.: 7704-34-9","69.897","1310.183"
"CAS-Nr.: 85535-85-9","69.897","1276.075"
"CAS-Nr.: 85535-85-9","149.647","3670.1829"
Chemietechnik,"70.298","326.602"
Chemischer Sauerstoffbedarf (CSB): nicht bestimmt,"70.298","6197.924"
Chlorwasserstoff (HCl),"70.298","2106.0469"
Dampfdichte,"69.897","4631.696"
Dampfdruck,"69.897","4610.396"
"Das Produkt selbst brennt nicht.","70.298","4801.547"
"Dicht schließende Schutzbrille. Bei der Arbeit geeignete Schutzhandschuhe und Schutzbrille/ Gesichtsschutz tragen. Gestellbrille mit Seitenschutz DIN EN 166","70.298","3823.594"
Die Angaben in diesem Sicherheitsdatenblatt entsprechen nach bestem Wissen unseren Erkenntnissen,"70.298","8173.51"
"Die Einstufungskriterien für diese Gefahrenklasse entsprechen nicht der Definition.","70.298","5298.682"
"Die Einstufungskriterien für diese Gefahrenklasse entsprechen nicht der Definition.","70.298","5322.082"
"Die Einstufungskriterien für diese Gefahrenklasse entsprechen nicht der Definition.","70.298","5345.482"
"Die Einstufungskriterien für diese Gefahrenklasse entsprechen nicht der Definition.","70.298","5392.282"
"Die Einstufungskriterien für diese Gefahrenklasse entsprechen nicht der Definition.","70.298","5439.082"
"Die Einstufungskriterien für diese Gefahrenklasse entsprechen nicht der Definition.","70.298","5509.282"
"Die Einstufungskriterien für diese Gefahrenklasse entsprechen nicht der Definition.","70.298","5532.682"
"Die Einstufungskriterien für diese Gefahrenklasse entsprechen nicht der Definition.","70.298","5556.082"
"Dieses Produkt und sein Behälter sind als gefährlicher Abfall zu entsorgen. Wasser (mit","70.298","2712.62"
"Dr. Hoeck GmbH","70.298","315.802"
Druck: 1014 mbar,"403.043","4530.5957"
"Druckdatum: 18.12.2017","64.629","91.862"
"Druckdatum: 18.12.2017","64.629","933.751"
"Druckdatum: 18.12.2017","64.629","1775.6399"
"Druckdatum: 18.12.2017","64.629","2617.529"
"Druckdatum: 18.12.2017","64.629","3459.418"
"Druckdatum: 18.12.2017","64.629","4301.3066"
"Druckdatum: 18.12.2017","64.629","5143.196"
"Druckdatum: 18.12.2017","64.629","5985.0845"
"Druckdatum: 18.12.2017","64.629","6826.9736"
"Druckdatum: 18.12.2017","64.629","7668.863"
Durchdringungszeit (maximale Tragedauer) min Bei beabsichtigter Wiederverwendung Handschuhe vor,"70.298","3900.994"
"E-Mail: www.dr-hoeck.de","70.298","386.002"
"EC50: 3,2 mg/l 4 d (Selenastrum capricornutum)","335.378","5728.126"
"EC50: =0,006 mg/l 2 d (Daphnia Magna)","335.378","5689.207"
"EG-Nr.: 231-722-6","69.897","1321.383"
"EG-Nr.: 287-477-0","69.897","1287.275"
EUH066,"69.897","1050.783"
Edelstahlschneidpaste - ESP,"64.629","133.65002"
Edelstahlschneidpaste - ESP,"71.129","221.24402"
Edelstahlschneidpaste - ESP,"64.629","975.539"
Edelstahlschneidpaste - ESP,"64.629","1817.428"
Edelstahlschneidpaste - ESP,"64.629","2659.317"
Edelstahlschneidpaste - ESP,"64.629","3501.206"
Edelstahlschneidpaste - ESP,"64.629","4343.0947"
Edelstahlschneidpaste - ESP,"64.629","5184.984"
Edelstahlschneidpaste - ESP,"64.629","6026.8726"
Edelstahlschneidpaste - ESP,"64.629","6868.7617"
Edelstahlschneidpaste - ESP,"64.629","7710.651"
Eigenschaften,"64.629","4399.1987"
"Einstufung gemäß Verordnung (EG) Nr. 1272/2008 [CLP]","184.047","1262.2749"
"Einstufung gemäß Verordnung (EG) Nr. 1272/2008 [CLP]:","64.629","483.03"
"Einstufung gemäß Verordnung (EG) Nr. 1272/2008 [CLP]:","64.629","7928.35"
Einstufungs-,"449.263","495.871"
Einstufungs-,"449.263","7941.191"
"EmS-Nr.:","304.172","7143.8926"
"EmS-Nr.: F-A, S-F","304.172","7178.093"
Empfohlene Lagerungstemperatur 20,"70.298","3105.544"
"Enthält rezepturgemäß folgende Stoffe der Richtlinie 76/464/EWG: Ja.","70.298","6230.3237"
"Entsorgung gemäß den behördlichen Vorschriften. Wegen einer Abfallentsorgung den zuständigen","70.298","6436.8076"
Ergebnisse der PBT- und vPvB-Beurteilung,"335.378","6144.257"
Ergänzende Gefahrenmerkmale (EU),"69.897","1038.583"
"Eventuell vorhandene Kontaktlinsen nach Möglichkeit entfernen. Weiter ausspülen. Bei anhaltender","70.298","1585.834"
"FEST, N.A.G.","183.85501","6639.6484"
Farbe: rotbraun,"312.094","4425.4546"
"Feststoffe nass aufnehmen oder aufsaugen.","70.298","2447.115"
Flammpunkt,"69.897","4553.9956"
"Freisetzung in die Umwelt vermeiden. Besondere Anweisungen einholen/Sicherheitsdatenblatt zu Rate","70.298","4883.5786"
"Für Frischluft sorgen. Bei Unwohlsein ärztlichen Rat einholen/ärztliche Hilfe hinzuziehen.","70.298","1474.2339"
Für Reinigung:,"64.629","2680.22"
Für Rückhaltung:,"64.629","2425.515"
GHS07,"95.701","691.207"
GHS09,"191.739","691.207"
Geeignete Löschmittel:,"64.629","2022.903"
"Gefahr-Nr. (Kemler-","64.327995","7143.8926"
Gefahrenhinweise,"235.729","495.871"
Gefahrenhinweise,"235.729","7941.191"
Gefahrenhinweise,"69.897","8069.099"
Gefahrenhinweise für Gesundheitsgefahren,"69.897","730.948"
Gefahrenhinweise für Umweltgefahren,"69.897","996.883"
Gefahrenklassen und Gefahren-,"69.897","495.871"
Gefahrenklassen und Gefahren-,"69.897","7941.191"
Gefahrenpiktogramme:,"64.629","637.73804"
Gefrierpunkt,"69.897","4518.896"
Gefährliche Inhaltsstoffe / Gefährliche Verunreinigungen / Stabilisatoren:,"64.629","1239.834"
Gefährliche Verbrennungsprodukte:,"64.629","2129.447"
Gefährliche Zersetzungsprodukte,"70.298","4949.067"
Geruch: charakteristisch,"71.999","4436.255"
Gew-%,"471.36798","1284.075"
Gew-%,"471.36798","1318.183"
Gewässergefährdend,"69.897","560.271"
Gewässergefährdend,"69.897","581.571"
Gewässergefährdend,"69.897","8005.591"
Gewässergefährdend,"69.897","8026.891"
Grenzwerttyp,"69.897","3587.203"
H315,"69.897","743.148"
H315,"69.897","8081.299"
"H315: Verursacht Hautreizungen.","235.729","517.671"
"H315: Verursacht Hautreizungen.","235.729","7962.991"
H362,"69.897","754.848"
H362,"69.897","8092.999"
H362: Kann Säuglinge über die Muttermilch,"235.729","538.97095"
H362: Kann Säuglinge über die Muttermilch,"235.729","7984.291"
H400,"69.897","1009.083"
H400,"69.897","8104.699"
"H400: Sehr giftig für Wasserorganismen.","235.729","560.271"
"H400: Sehr giftig für Wasserorganismen.","235.729","8005.591"
H410,"69.897","1020.783"
H410,"69.897","8116.399"
H410: Sehr giftig für Wasserorganismen mit,"235.729","581.571"
H410: Sehr giftig für Wasserorganismen mit,"235.729","8026.891"
Handelsname/Bezeichnung:,"64.629","204.406"
Handschutz: Butylkautschuk,"70.298","3857.794"
Hautschutz:,"64.629","3846.994"
Hinweise zum sicheren Umgang:,"64.629","2856.392"
Hinweise zur allgemeinen Industriehygiene,"64.629","2950.252"
III,"64.327995","7002.916"
III,"304.172","7002.916"
III,"424.219","7002.916"
"Ist ärztlicher Rat erforderlich, Verpackung oder Kennzeichnungsetikett bereithalten. Symptomatische","70.298","1959.6189"
"Kann Säuglinge über die Muttermilch schädigen.","157.647","754.848"
"Kann Säuglinge über die Muttermilch schädigen.","70.298","5485.882"
"Kann Säuglinge über die Muttermilch schädigen.","157.647","8092.999"
Karzinogenität:,"64.629","5451.682"
Keimzellmutagenität:,"64.629","5428.282"
Keine Daten verfügbar,"70.298","1187.35"
Keine Daten verfügbar,"70.298","3132.888"
Keine Daten verfügbar,"70.298","3717.0498"
Keine Daten verfügbar,"70.298","3742.8499"
Keine Daten verfügbar,"70.298","3785.1938"
Keine Daten verfügbar,"70.298","4059.994"
Keine Daten verfügbar,"70.298","4087.338"
Keine Daten verfügbar,"70.298","4750.863"
Keine Daten verfügbar,"70.298","4828.8906"
Keine Daten verfügbar,"70.298","4856.235"
Keine Daten verfügbar,"70.298","6060.1836"
Keine Daten verfügbar,"70.298","6087.528"
Keine Daten verfügbar,"70.298","6114.8716"
Keine Daten verfügbar,"70.298","6519.9517"
Keine Daten verfügbar,"70.298","7300.609"
Keine Daten verfügbar,"70.298","7378.7007"
Keine Daten verfügbar,"70.298","7499.655"
Keine Daten verfügbar,"70.298","7743.962"
Keine Daten verfügbar,"70.298","7859.454"
Keine Daten verfügbar,"70.298","7886.798"
Keine Daten verfügbar,"70.298","8146.166"
"Keine besonderen Brandschutzmaßnahmen erforderlich.","70.298","2912.192"
"Kennzeichnung gemäß Verordnung (EG) Nr. 1272/2008 [CLP]","64.629","624.798"
Kennzeichnungselemente,"101.647","7817.987"
Klassifizierungscode:,"184.125","7143.8926"
Klassifizierungscode:,"64.327995","7167.293"
"Kontakt mit Haut, Augen und Kleidung vermeiden.","70.298","4034.1938"
"Kontaminiertes Löschwasser getrennt sammeln. Nicht in die Kanalisation oder Gewässer gelangen","70.298","2194.935"
Konzen-,"471.36798","1252.6749"
Körperschutz: Overall,"70.298","3969.394"
LC50: 1 mg/l 4 d (Gammarus pulex),"335.378","5702.1797"
"LC50: >5.000 mg/l 4 d (Alburnus alburnus)","335.378","5715.153"
"LD50 dermal: >2.000 mg/kg (Kaninchen)","335.378","5268.75"
"LD50 oral: >2.000 mg/kg (Ratte)","335.378","5255.777"
Laborkittel,"70.298","3980.1938"
"Labormantel.","70.298","3990.994"
"Lact., Aquatic Acute 1, Aquatic Chronic 1","184.047","1284.075"
Landtransport (ADR/ Binnenschiffs-,"64.327995","6559.9917"
Landtransport (ADR/ Binnenschiffs-,"64.327995","6891.065"
Lieferant (Hersteller/Importeur/Alleinvertreter/nachgeschalteter Anwender/Händler):,"64.629","304.102"
Lufttransport (ICAO-,"424.219","6559.9917"
Lufttransport (ICAO-,"424.219","6891.065"
M7,"184.125","7154.693"
M7,"64.327995","7178.093"
MEERESSCHADSTOFF,"304.172","7074.149"
"Materialien vermengt, vermischt oder verarbeitet wird, oder einer Bearbeitung unterzogen wird, können","70.298","8216.71"
Maßnahmen zur Verhinderung von Aerosol- und Staubbildung:,"64.629","2924.792"
"Mechanisch aufnehmen.","70.298","2691.02"
Methode,"329.49298","4464.0957"
"Mit flüssigkeitsbindendem Material (Sand, Kieselgur, Säurebinder, Universalbinder) aufnehmen.","70.298","2701.82"
Nach Augenkontakt:,"64.629","1553.434"
Nach Einatmen:,"64.629","1452.634"
Nach Verschlucken:,"64.629","1838.3309"
Nahrungs- und Futtermittel,"70.298","3082.144"
"Nicht in den Untergrund/Erdreich gelangen lassen.","70.298","2385.5708"
"Nicht in die Kanalisation oder Gewässer gelangen lassen.","70.298","2396.371"
"Nicht kontaminierte und restentleerte Verpackungen können einer Wiederverwertung zugeführt werden.","70.298","6481.8076"
"Nicht reinigungsfähige Verpackungen sind zu entsorgen.","70.298","6471.008"
Nicht zusammen lagern mit:,"70.298","3060.544"
Notfällen anzuwendende Verfahren,"64.629","2257.5708"
"Nur im Originalbehälter aufbewahren/lagern.","70.298","3037.144"
Obere/untere Entzündbarkeits-,"69.897","4589.0957"
Oxidationsmittel,"70.298","3071.344"
P260,"69.897","1080.783"
P263,"69.897","1092.4829"
P270,"69.897","1104.183"
P280,"69.897","1115.883"
P302 + P352,"69.897","1145.883"
P332 + P313,"69.897","1157.583"
Parameter,"69.897","4464.0957"
Personenbezogene Vorsichtsmaßnahmen:,"64.629","2285.627"
"Persönliche Schutzausrüstung verwenden.","70.298","1904.9309"
Persönliche Schutzausrüstung:,"64.629","2347.427"
Persönliche Schutzausrüstung: siehe Abschnitt 8,"70.298","2358.227"
Prinz-Regent-Straße 48,"70.298","337.40198"
Produktidentifikatoren,"69.897","1252.6749"
"Pyrolyseprodukte, toxisch Das Produkt selbst brennt nicht.","70.298","2116.847"
Quelle:,"64.629","7461.5107"
RID),"64.327995","6570.7915"
RID),"64.327995","6901.8647"
Rechtsvorschriften für den Stoff oder das Gemisch,"64.629","7352.445"
Reinigungsmittel),"70.298","2723.42"
Relative Dichte,"69.897","4643.396"
"Relevante identifizierte Verwendungen des Stoffs oder Gemischs und Verwendungen, von denen abgeraten","101.647","7796.687"
"Reproduktionstoxizität (Lact.)","69.897","538.97095"
"Reproduktionstoxizität (Lact.)","69.897","7984.291"
Reproduktionstoxizität:,"64.629","5475.082"
S Selbsteinstufung,"70.298","7472.3105"
SCHWEFEL,"184.047","1308.583"
SCHWEFEL,"126.589005","6168.1567"
SICHERHEITSDATENBLATT,"64.629","56.389038"
SICHERHEITSDATENBLATT,"64.629","898.278"
SICHERHEITSDATENBLATT,"64.629","1740.167"
SICHERHEITSDATENBLATT,"64.629","2582.0562"
SICHERHEITSDATENBLATT,"64.629","3423.9448"
SICHERHEITSDATENBLATT,"64.629","4265.834"
SICHERHEITSDATENBLATT,"64.629","5107.723"
SICHERHEITSDATENBLATT,"64.629","5949.612"
SICHERHEITSDATENBLATT,"64.629","6791.501"
SICHERHEITSDATENBLATT,"64.629","7633.39"
Sachgerechte Entsorgung / Produkt:,"64.629","6426.008"
Sachgerechte Entsorgung / Verpackung:,"64.629","6460.2075"
Sand,"70.298","2044.5029"
Schmelzpunkt,"69.897","4507.196"
Schneidpaste,"70.298","274.958"
"Schutzausrüstung tragen (siehe Abschnitt 8). Kontakt während der Schwangerschaft/und der Stillzeit","70.298","2877.992"
Schutzausrüstung:,"64.629","2309.0269"
Schutzausrüstungen,"64.629","3540.742"
"Schutzhandschuhe/Schutzkleidung/Augenschutz/Gesichtsschutz tragen.","157.647","1115.883"
"Schutzhandschuhe/Schutzkleidung/Augenschutz/Gesichtsschutz tragen.","70.298","2319.827"
Schutzmaßnahmen,"64.629","2843.452"
Schwere Augenschädigung/-reizung:,"64.629","5381.482"
Schüttdichte,"69.897","4655.0957"
Seeschiffstransport,"304.172","6559.9917"
Seeschiffstransport,"304.172","6891.065"
"Sehr giftig für Wasserorganismen mit langfristiger Wirkung.","157.647","1020.783"
"Sehr giftig für Wasserorganismen mit langfristiger Wirkung.","157.647","8116.399"
"Sehr giftig für Wasserorganismen.","157.647","1009.083"
"Sehr giftig für Wasserorganismen.","157.647","8104.699"
Seite 1/10,"64.629","115.862"
Seite 10/10,"64.629","7692.863"
Seite 2/10,"64.629","957.751"
Seite 3/10,"64.629","1799.6399"
Seite 4/10,"64.629","2641.529"
Seite 5/10,"64.629","3483.418"
Seite 6/10,"64.629","4325.3066"
Seite 7/10,"64.629","5167.196"
Seite 8/10,"64.629","6009.0845"
Seite 9/10,"64.629","6850.9736"
Selbstschutz des Ersthelfers:,"64.629","1894.1309"
Sensibilisierung von Atemwegen oder Haut:,"64.629","5404.882"
Sichere Handhabung: siehe Abschnitt 7 Persönliche Schutzausrüstung: siehe Abschnitt 8 Entsorgung:,"70.298","2750.764"
"Sicherheitsdatenblatt vorzeigen). Verunglückten aus der Gefahrenzone entfernen. Beschmutzte,","70.298","1418.434"
Sicherheitshinweise Prävention,"69.897","1068.583"
Sicherheitshinweise Reaktion,"69.897","1133.683"
Sicherheitsrelevante Basisdaten,"64.629","4450.915"
Siedebeginn und Siedebereich,"69.897","4530.5957"
Signalwort: Achtung,"64.629","715.207"
"Skin Irrit. 2","184.047","1318.183"
"Sofort Arzt konsultieren. Mund ausspülen. Reichlich Wasser in kleinen Schlucken trinken lassen","70.298","1870.731"
"Sonderabfallverbrennung zuführen.","70.298","6313.4077"
Sondervorschriften:,"64.327995","7107.8926"
Sondervorschriften:,"184.125","7107.8926"
Sondervorschriften:,"304.172","7107.8926"
Sondervorschriften:,"424.219","7107.8926"
Sonstige Angaben: Die Einstufung wurde nach dem Berechnungsverfahren der Zubereitungsrichtlinie,"70.298","5611.882"
Sonstige Angaben: nicht bestimmt,"70.298","5601.082"
Sonstige Schutzmaßnahmen:,"64.629","3958.5938"
Spezifische Symptome im Tierversuch: nicht bestimmt,"70.298","5579.482"
Spezifische Zielorgan-Toxizität bei einmaliger Exposition:,"64.629","5498.482"
Spezifische Zielorgan-Toxizität bei wiederholter Exposition:,"64.629","5521.882"
"Sprühwasser Löschmaßnahmen auf die Umgebung abstimmen.","70.298","2055.303"
"Staub sollte unmittelbar am Entstehungsort abgesaugt werden.","70.298","2935.592"
"Staub/Rauch/Gas/Nebel/Dampf/Aerosol nicht einatmen.","157.647","1080.783"
"Stoff, fest, n.a.g. (enhält Alkane,","64.058","6639.6484"
Stoffname,"184.047","1252.6749"
Stoffname,"149.647","3587.203"
Stoffname,"126.589005","5241.977"
Stoffname,"126.589005","5675.407"
Stoffname,"126.589005","6144.257"
TI / IATA-DGR),"424.219","6570.7915"
TI / IATA-DGR),"424.219","6901.8647"
TRGS 900 (DE),"69.897","3650.983"
Technische Maßnahmen und Lagerbedingungen:,"64.629","3002.944"
Telefax: 0234-3384874,"70.298","373.40198"
Telefon: 0234-3384747,"70.298","360.802"
Terrestrische Toxizität:,"64.629","5781.458"
Toxikologische Angaben,"335.378","5241.977"
Toxikologische Angaben,"335.378","5675.407"
"Toxizität nach wiederholter Aufnahme (subakut, subchronisch, chronisch): nicht bestimmt","70.298","5590.282"
Tunnelbeschrän-,"64.327995","7190.693"
"UMWELTGEFÄHRDENDER STOFF,","183.85501","6632.089"
UN 3077,"64.327995","6602.736"
UN 3077,"184.125","6602.736"
UN 3077,"304.172","6602.736"
UN 3077,"424.219","6602.736"
UN 3077: Enviromentally hazardou,"303.902","6632.089"
UN 3077: Enviromentally hazardou,"423.949","6632.089"
UN 3077: Umweltgefährdender,"64.058","6632.089"
"Umgebungsluftunabhängiges Atemschutzgerät und Chemikalienschutzanzug tragen.","70.298","2167.5908"
Umwelt,"193.46199","701.14795"
Ungeeignete Löschmittel:,"64.629","2067.9028"
Unverträglichkeiten,"64.629","2989.888"
Verdampfungsgeschwindigkeit,"69.897","4565.696"
Verfahren der Abfallbehandlung,"101.647","7829.687"
Verhalten in Kläranlagen:,"64.629","5804.858"
"Verordnung (EG) Nr. 1272/2008 [CLP]","64.629","7915.294"
"Verschüttete Mengen aufnehmen. Maßnahmen zur Verhinderung von Aerosol- und Staubbildung","70.298","2436.315"
"Version: 3.6","64.629","101.462036"
"Version: 3.6","64.629","943.351"
"Version: 3.6","64.629","1785.24"
"Version: 3.6","64.629","2627.129"
"Version: 3.6","64.629","3469.018"
"Version: 3.6","64.629","4310.9067"
"Version: 3.6","64.629","5152.796"
"Version: 3.6","64.629","5994.6846"
"Version: 3.6","64.629","6836.5737"
"Version: 3.6","64.629","7678.463"
Verteilungskoeffizient n-Octanol/ nicht bestimmt,"69.897","4688.0957"
"Verursacht Hautreizungen.","157.647","743.148"
"Verursacht Hautreizungen.","157.647","8081.299"
Verwendung des Stoffs/Gemischs:,"64.629","264.15802"
"Verwendungen, von denen abgeraten wird","64.629","251.10199"
"Viskosität, dynamisch","69.897","4709.396"
"Viskosität, kinematisch","69.897","4721.0957"
"Vollständig entleerte Verpackungen können einer Verwertung zugeführt werden.","70.298","6492.6074"
"Vor den Pausen und bei Arbeitsende Hände waschen.","70.298","4012.5938"
"Vorbeugender Hautschutz durch Hautschutzsalbe.","70.298","4023.394"
WGK:,"64.629","7438.111"
Wasser,"69.897","4697.696"
Wassergefährdungsklasse (WGK),"64.629","7425.171"
Wasserlöslichkeit (g/L),"69.897","4676.396"
Wasservollstrahl,"70.298","2078.703"
"Webseite: info@dr-hoeck.de","70.298","398.602"
"Wegen Verwertung Abfallbörsen ansprechen. Unter Beachtung behördlicher Vorschriften einer","70.298","6302.6074"
Weitere Angaben zu Lagerbedingungen:,"64.629","3094.7441"
Weitere ökologische Hinweise: Die Einstufung wurde nach dem Berechnungsverfahren der,"70.298","6241.1235"
"Wiederholter Kontakt kann zu spröder oder rissiger Haut führen.","157.647","1050.783"
"Wirkung.","70.298","5768.858"
"Wortlaut der H- und EUH-Sätze: siehe Abschnitt 16.","62.927998","1344.35"
Zersetzungstemperatur (°C):,"69.897","4542.296"
"Zubereitungsrichtlinie (1999/45/EG) vorgenommen.","70.298","6251.924"
"Zur Vermeidung einer Kontamination der Umwelt geeigneten Behälter verwenden.","70.298","2788.908"
"Zur Vermeidung einer Kontamination der Umwelt geeigneten Behälter verwenden. Persönliche","70.298","2867.192"
Zusammenlagerungshinweise:,"64.629","3049.7441"
Zusätzliche Angaben:,"64.629","5568.682"
Zündtemperatur in °C,"69.897","4577.396"
[DE] Nationale Vorschriften,"83.629","7409.2656"
ar,"329.49298","4495.4956"
ar,"329.49298","4619.9956"
ar,"329.49298","4664.696"
bei,"295.32797","4464.0957"
"bei Drucklegung. Die Informationen sollen Ihnen Anhaltspunkte für den sicheren Umgang mit dem in","70.298","8184.31"
beschränkungscode,"64.327995","7246.4927"
de / DE,"515.859","796.83"
de / DE,"515.859","1638.719"
de / DE,"515.859","2480.608"
de / DE,"515.859","3322.497"
de / DE,"515.859","4164.3857"
de / DE,"515.859","5006.275"
de / DE,"515.859","5848.164"
de / DE,"515.859","6690.0527"
de / DE,"515.859","7531.942"
de / DE,"515.859","8373.831"
"dem Ausziehen reinigen und gut durchlüftet aufbewahren.","70.298","3911.794"
"der Haut sofort abwaschen mit viel Wasser und Seife. Bei Hautreizung oder -ausschlag: Ärztlichen Rat","70.298","1530.0339"
"die Angaben in diesem Sicherheitsdatenblatt, soweit sich hieraus nicht ausdrücklich etwas anderes","70.298","8227.51"
"diesem Sicherheitsdatenblatt genannten Produkt bei Lagerung, Verarbeitung, Transport und Entsorgung","70.298","8195.11"
"einholen. Betroffenen nicht unbeaufsichtigt lassen.","70.298","1440.0339"
"einholen/ärztliche Hilfe hinzuziehen. Alle kontaminierten Kleidungsstücke sofort ausziehen.","70.298","1540.834"
"ergibt, nicht auf das so gefertigte neue Material übertragen werden.","70.298","8238.31"
"geben. Die Angaben sind nicht übertragbar auf andere Produkte. Soweit das Produkt mit anderen","70.298","8205.91"
"gemäß Verordnung (EG) Nr. 1907/2006 (REACH)","64.629","67.862"
"gemäß Verordnung (EG) Nr. 1907/2006 (REACH)","64.629","909.751"
"gemäß Verordnung (EG) Nr. 1907/2006 (REACH)","64.629","1751.6399"
"gemäß Verordnung (EG) Nr. 1907/2006 (REACH)","64.629","2593.529"
"gemäß Verordnung (EG) Nr. 1907/2006 (REACH)","64.629","3435.418"
"gemäß Verordnung (EG) Nr. 1907/2006 (REACH)","64.629","4277.3066"
"gemäß Verordnung (EG) Nr. 1907/2006 (REACH)","64.629","5119.196"
"gemäß Verordnung (EG) Nr. 1907/2006 (REACH)","64.629","5961.0845"
"gemäß Verordnung (EG) Nr. 1907/2006 (REACH)","64.629","6802.9736"
"gemäß Verordnung (EG) Nr. 1907/2006 (REACH)","64.629","7644.863"
"getränkte Kleidung ausziehen. Bei Bewusstlosigkeit in stabile Seitenlage bringen und ärztlichen Rat","70.298","1429.2339"
kategorien,"69.897","505.471"
kategorien,"69.897","7950.791"
keine Angabe,"70.298","7448.9106"
kung: LQ: 5 kg,"304.172","7167.293"
kungscode: (E),"64.327995","7201.4927"
land),"69.897","3606.4028"
"langfristiger Wirkung.","235.729","591.171"
"langfristiger Wirkung.","235.729","8036.491"
"lassen.","70.298","2205.7349"
nicht anwendb,"329.49298","4485.896"
nicht anwendb,"329.49298","4610.396"
nicht anwendb,"329.49298","4655.0957"
nicht anwendbar Wenn technische Absaug- oder Lüftungsmaßnahmen nicht möglich oder unzureichend,"70.298","3935.1938"
nicht bestimmt,"217.365","4485.896"
nicht bestimmt,"217.365","4507.196"
nicht bestimmt,"217.365","4518.896"
nicht bestimmt,"217.365","4542.296"
nicht bestimmt,"217.365","4565.696"
nicht bestimmt,"217.365","4577.396"
nicht bestimmt,"217.365","4589.0957"
nicht bestimmt,"217.365","4610.396"
nicht bestimmt,"217.365","4631.696"
nicht bestimmt,"217.365","4643.396"
nicht bestimmt,"217.365","4655.0957"
nicht bestimmt,"217.365","4676.396"
nicht bestimmt,"329.49298","4688.0957"
nicht bestimmt,"217.365","4709.396"
nicht bestimmt,"329.49298","4709.396"
nicht bestimmt,"217.365","4721.0957"
nicht bestimmt,"70.298","5792.258"
nicht bestimmt,"70.298","5815.658"
"nicht bestimmt Bei Brand: Gase/Dämpfe, giftig","70.298","4959.8667"
"nicht bestimmt Die Einstufungskriterien für diese Gefahrenklasse entsprechen nicht der Definition.","70.298","5415.682"
"nicht bestimmt Die Einstufungskriterien für diese Gefahrenklasse entsprechen nicht der Definition.","70.298","5462.482"
"nicht bestimmt Sehr giftig für Wasserorganismen. Sehr giftig für Wasserorganismen mit langfristiger","70.298","5758.058"
"nicht bestimmt Verursacht Verätzungen. Wiederholter Kontakt kann zu spröder oder rissiger Haut führen.","70.298","5368.882"
oder Explosionsgrenzen,"69.897","4598.696"
pH-Wert,"69.897","4485.896"
"rte Paraffine, C14-17","149.647","3660.583"
rungscode: M7,"64.327995","7224.8926"
"s substance, solid, n.o.s. (contains","303.902","6639.6484"
"s substance, solid, n.o.s. (contains","423.949","6639.6484"
"schädigen.","235.729","548.571"
"schädigen.","235.729","7993.891"
siehe Abschnitt 13,"70.298","2761.564"
"sind, muss Atemschutz getragen werden. Partikelfiltergerät (DIN EN 143)","70.298","3945.994"
"spülen. Anschließend Augenarzt aufsuchen. Einige Minuten lang behutsam mit Wasser ausspülen.","70.298","1575.0339"
transport (ADN),"184.125","6570.7915"
transport (ADN),"184.125","6901.8647"
tration,"471.36798","1262.2749"
und des Unternehmens,"64.629","173.18597"
verfahren,"449.263","505.471"
verfahren,"449.263","7950.791"
"vermeiden.","70.298","2888.792"
"werden.)","280.16797","3687.691"
wird,"101.647","7806.287"
zahl):,"64.327995","7154.693"
"ziehen.","70.298","4894.379"
"zugelassenen Entsorger ansprechen.","70.298","6447.6074"
°C,"295.32797","4473.696"
Ätz-/Reizwirkung auf die Haut,"69.897","517.671"
Ätz-/Reizwirkung auf die Haut,"70.298","1932.2749"
Ätz-/Reizwirkung auf die Haut,"69.897","7962.991"
Ätz-/Reizwirkung auf die Haut:,"64.629","5358.082"
—,"434.598","6156.4565"
—,"434.598","6168.1567"
"① 0,3 ppm (6 mg/m³)","280.16797","3652.3008"
① Langzeit-Arbeitsplatzgrenzwert,"280.16797","3588.521"
②③ KMuormzzeenitta-Anrwbeerittsplatzgrenzwert,"280.16797","3600.7568"
"②⑤ 2(e,4in patpemm (b4a8r em Fgra/mkt³i)on","280.16797","3664.5369"
"④ Überwachungs- bzw. Beobachtungsverfahren","280.16797","3625.229"
⑤ Bemerkung,"280.16797","3637.4648"
