timestamp,station_id,rentals_count,returns_count,bikes_available,docks_available
2025-07-01 00:00:00,ST_HUBANDLAND,4.3,1.3,21,9
2025-07-01 00:00:00,ST_RESIDENZ,1.0,2.0,11,19
2025-07-01 00:00:00,ST_TALAVERA,3.0,5.0,19,11
2025-07-01 01:00:00,ST_HUBANDLAND,1.3,4.3,8,22
2025-07-01 01:00:00,ST_RESIDENZ,4.0,4.0,22,8
2025-07-01 01:00:00,ST_TALAVERA,5.0,1.0,23,7
2025-07-01 02:00:00,ST_HUBANDLAND,3.3,4.3,16,14
2025-07-01 02:00:00,ST_RESIDENZ,3.0,4.0,16,14
2025-07-01 02:00:00,ST_TALAVERA,5.0,2.0,24,6
2025-07-01 03:00:00,ST_HUBANDLAND,3.3,4.3,23,7
2025-07-01 03:00:00,ST_RESIDENZ,2.0,4.0,23,7
2025-07-01 03:00:00,ST_TALAVERA,1.0,4.0,10,20
2025-07-01 04:00:00,ST_HUBANDLAND,1.3,2.3,6,24
2025-07-01 04:00:00,ST_RESIDENZ,3.0,3.0,20,10
2025-07-01 04:00:00,ST_TALAVERA,4.0,2.0,23,7
2025-07-01 05:00:00,ST_HUBANDLAND,4.3,2.3,6,24
2025-07-01 05:00:00,ST_RESIDENZ,2.0,1.0,21,9
2025-07-01 05:00:00,ST_TALAVERA,1.0,5.0,12,18
2025-07-01 06:00:00,ST_HUBANDLAND,2.3,4.3,18,12
2025-07-01 06:00:00,ST_RESIDENZ,2.0,4.0,24,6
2025-07-01 06:00:00,ST_TALAVERA,2.0,3.0,10,20
2025-07-01 07:00:00,ST_HUBANDLAND,4.3,2.3,19,11
2025-07-01 07:00:00,ST_RESIDENZ,1.0,2.0,19,11
2025-07-01 07:00:00,ST_TALAVERA,5.0,2.0,24,6
2025-07-01 08:00:00,ST_HUBANDLAND,19.900000000000002,18.900000000000002,24,6
2025-07-01 08:00:00,ST_RESIDENZ,14.0,17.0,5,25
2025-07-01 08:00:00,ST_TALAVERA,15.0,13.0,19,11
2025-07-01 09:00:00,ST_HUBANDLAND,17.900000000000002,19.900000000000002,6,24
2025-07-01 09:00:00,ST_RESIDENZ,15.0,16.0,6,24
2025-07-01 09:00:00,ST_TALAVERA,12.0,12.0,7,23
2025-07-01 10:00:00,ST_HUBANDLAND,17.900000000000002,19.900000000000002,8,22
2025-07-01 10:00:00,ST_RESIDENZ,17.0,15.0,12,18
2025-07-01 10:00:00,ST_TALAVERA,12.0,16.0,14,16
2025-07-01 11:00:00,ST_HUBANDLAND,17.900000000000002,17.900000000000002,23,7
2025-07-01 11:00:00,ST_RESIDENZ,16.0,14.0,6,24
2025-07-01 11:00:00,ST_TALAVERA,13.0,13.0,19,11
2025-07-01 12:00:00,ST_HUBANDLAND,18.900000000000002,16.900000000000002,13,17
2025-07-01 12:00:00,ST_RESIDENZ,16.0,15.0,23,7
2025-07-01 12:00:00,ST_TALAVERA,12.0,16.0,20,10
2025-07-01 13:00:00,ST_HUBANDLAND,17.900000000000002,19.900000000000002,11,19
2025-07-01 13:00:00,ST_RESIDENZ,14.0,15.0,13,17
2025-07-01 13:00:00,ST_TALAVERA,14.0,12.0,21,9
2025-07-01 14:00:00,ST_HUBANDLAND,17.900000000000002,17.900000000000002,17,13
2025-07-01 14:00:00,ST_RESIDENZ,17.0,15.0,13,17
2025-07-01 14:00:00,ST_TALAVERA,16.0,16.0,23,7
2025-07-01 15:00:00,ST_HUBANDLAND,19.900000000000002,17.900000000000002,16,14
2025-07-01 15:00:00,ST_RESIDENZ,15.0,15.0,17,13
2025-07-01 15:00:00,ST_TALAVERA,12.0,12.0,15,15
2025-07-01 16:00:00,ST_HUBANDLAND,19.900000000000002,16.900000000000002,7,23
2025-07-01 16:00:00,ST_RESIDENZ,14.0,17.0,10,20
2025-07-01 16:00:00,ST_TALAVERA,12.0,12.0,20,10
2025-07-01 17:00:00,ST_HUBANDLAND,16.900000000000002,19.900000000000002,17,13
2025-07-01 17:00:00,ST_RESIDENZ,15.0,14.0,19,11
2025-07-01 17:00:00,ST_TALAVERA,13.0,15.0,9,21
2025-07-01 18:00:00,ST_HUBANDLAND,19.900000000000002,16.900000000000002,19,11
2025-07-01 18:00:00,ST_RESIDENZ,15.0,17.0,23,7
2025-07-01 18:00:00,ST_TALAVERA,14.0,16.0,9,21
2025-07-01 19:00:00,ST_HUBANDLAND,17.900000000000002,18.900000000000002,18,12
2025-07-01 19:00:00,ST_RESIDENZ,14.0,16.0,19,11
2025-07-01 19:00:00,ST_TALAVERA,12.0,14.0,18,12
2025-07-01 20:00:00,ST_HUBANDLAND,18.900000000000002,16.900000000000002,13,17
2025-07-01 20:00:00,ST_RESIDENZ,17.0,16.0,22,8
2025-07-01 20:00:00,ST_TALAVERA,16.0,15.0,22,8
2025-07-01 21:00:00,ST_HUBANDLAND,4.3,1.3,17,13
2025-07-01 21:00:00,ST_RESIDENZ,3.0,2.0,11,19
2025-07-01 21:00:00,ST_TALAVERA,5.0,1.0,12,18
2025-07-01 22:00:00,ST_HUBANDLAND,4.3,2.3,8,22
2025-07-01 22:00:00,ST_RESIDENZ,1.0,4.0,15,15
2025-07-01 22:00:00,ST_TALAVERA,1.0,3.0,9,21
2025-07-01 23:00:00,ST_HUBANDLAND,2.3,1.3,12,18
2025-07-01 23:00:00,ST_RESIDENZ,4.0,4.0,12,18
2025-07-01 23:00:00,ST_TALAVERA,3.0,2.0,11,19
2025-07-02 00:00:00,ST_HUBANDLAND,4.3,3.3,7,23
2025-07-02 00:00:00,ST_RESIDENZ,2.0,1.0,10,20
2025-07-02 00:00:00,ST_TALAVERA,5.0,2.0,20,10
2025-07-02 01:00:00,ST_HUBANDLAND,4.3,2.3,6,24
2025-07-02 01:00:00,ST_RESIDENZ,1.0,1.0,12,18
2025-07-02 01:00:00,ST_TALAVERA,5.0,4.0,18,12
2025-07-02 02:00:00,ST_HUBANDLAND,2.3,3.3,23,7
2025-07-02 02:00:00,ST_RESIDENZ,3.0,1.0,6,24
2025-07-02 02:00:00,ST_TALAVERA,3.0,3.0,9,21
2025-07-02 03:00:00,ST_HUBANDLAND,0.0,0.0,12,18
2025-07-02 03:00:00,ST_RESIDENZ,0.0,0.0,23,7
2025-07-02 03:00:00,ST_TALAVERA,0.0,1.0,13,17
2025-07-02 04:00:00,ST_HUBANDLAND,3.3,3.3,21,9
2025-07-02 04:00:00,ST_RESIDENZ,2.0,1.0,20,10
2025-07-02 04:00:00,ST_TALAVERA,1.0,3.0,8,22
2025-07-02 05:00:00,ST_HUBANDLAND,1.3,3.3,17,13
2025-07-02 05:00:00,ST_RESIDENZ,1.0,1.0,11,19
2025-07-02 05:00:00,ST_TALAVERA,4.0,4.0,8,22
2025-07-02 06:00:00,ST_HUBANDLAND,0.0,0.0,11,19
2025-07-02 06:00:00,ST_RESIDENZ,0.0,0.0,14,16
2025-07-02 06:00:00,ST_TALAVERA,0.0,1.0,20,10
2025-07-02 07:00:00,ST_HUBANDLAND,3.3,1.3,13,17
2025-07-02 07:00:00,ST_RESIDENZ,1.0,2.0,16,14
2025-07-02 07:00:00,ST_TALAVERA,4.0,5.0,21,9
2025-07-02 08:00:00,ST_HUBANDLAND,19.900000000000002,17.900000000000002,16,14
2025-07-02 08:00:00,ST_RESIDENZ,16.0,16.0,21,9
2025-07-02 08:00:00,ST_TALAVERA,15.0,13.0,19,11
2025-07-02 09:00:00,ST_HUBANDLAND,16.900000000000002,17.900000000000002,18,12
2025-07-02 09:00:00,ST_RESIDENZ,15.0,16.0,11,19
2025-07-02 09:00:00,ST_TALAVERA,16.0,14.0,8,22
2025-07-02 10:00:00,ST_HUBANDLAND,17.900000000000002,19.900000000000002,18,12
2025-07-02 10:00:00,ST_RESIDENZ,15.0,17.0,12,18
2025-07-02 10:00:00,ST_TALAVERA,14.0,16.0,10,20
2025-07-02 11:00:00,ST_HUBANDLAND,16.900000000000002,17.900000000000002,19,11
2025-07-02 11:00:00,ST_RESIDENZ,14.0,17.0,11,19
2025-07-02 11:00:00,ST_TALAVERA,16.0,15.0,20,10
2025-07-02 12:00:00,ST_HUBANDLAND,19.900000000000002,16.900000000000002,7,23
2025-07-02 12:00:00,ST_RESIDENZ,17.0,15.0,8,22
2025-07-02 12:00:00,ST_TALAVERA,13.0,13.0,8,22
2025-07-02 13:00:00,ST_HUBANDLAND,16.900000000000002,18.900000000000002,19,11
2025-07-02 13:00:00,ST_RESIDENZ,17.0,16.0,7,23
2025-07-02 13:00:00,ST_TALAVERA,12.0,16.0,10,20
2025-07-02 14:00:00,ST_HUBANDLAND,16.900000000000002,18.900000000000002,23,7
2025-07-02 14:00:00,ST_RESIDENZ,15.0,14.0,23,7
2025-07-02 14:00:00,ST_TALAVERA,13.0,14.0,9,21
2025-07-02 15:00:00,ST_HUBANDLAND,17.900000000000002,17.900000000000002,24,6
2025-07-02 15:00:00,ST_RESIDENZ,16.0,14.0,19,11
2025-07-02 15:00:00,ST_TALAVERA,16.0,13.0,20,10
2025-07-02 16:00:00,ST_HUBANDLAND,19.900000000000002,17.900000000000002,18,12
2025-07-02 16:00:00,ST_RESIDENZ,17.0,17.0,8,22
2025-07-02 16:00:00,ST_TALAVERA,16.0,14.0,20,10
2025-07-02 17:00:00,ST_HUBANDLAND,16.900000000000002,16.900000000000002,12,18
2025-07-02 17:00:00,ST_RESIDENZ,15.0,16.0,13,17
2025-07-02 17:00:00,ST_TALAVERA,16.0,14.0,14,16
2025-07-02 18:00:00,ST_HUBANDLAND,16.900000000000002,18.900000000000002,9,21
2025-07-02 18:00:00,ST_RESIDENZ,16.0,17.0,17,13
2025-07-02 18:00:00,ST_TALAVERA,16.0,14.0,13,17
2025-07-02 19:00:00,ST_HUBANDLAND,17.900000000000002,19.900000000000002,23,7
2025-07-02 19:00:00,ST_RESIDENZ,16.0,17.0,22,8
2025-07-02 19:00:00,ST_TALAVERA,15.0,13.0,8,22
2025-07-02 20:00:00,ST_HUBANDLAND,18.900000000000002,19.900000000000002,8,22
2025-07-02 20:00:00,ST_RESIDENZ,17.0,14.0,20,10
2025-07-02 20:00:00,ST_TALAVERA,12.0,16.0,18,12
2025-07-02 21:00:00,ST_HUBANDLAND,4.3,2.3,18,12
2025-07-02 21:00:00,ST_RESIDENZ,2.0,1.0,5,25
2025-07-02 21:00:00,ST_TALAVERA,4.0,1.0,8,22
2025-07-02 22:00:00,ST_HUBANDLAND,3.3,4.3,20,10
2025-07-02 22:00:00,ST_RESIDENZ,3.0,3.0,8,22
2025-07-02 22:00:00,ST_TALAVERA,5.0,5.0,16,14
2025-07-02 23:00:00,ST_HUBANDLAND,3.3,1.3,24,6
2025-07-02 23:00:00,ST_RESIDENZ,3.0,4.0,22,8
2025-07-02 23:00:00,ST_TALAVERA,3.0,2.0,14,16
2025-07-03 00:00:00,ST_HUBANDLAND,0.0,0.0,10,20
2025-07-03 00:00:00,ST_RESIDENZ,0.0,0.0,12,18
2025-07-03 00:00:00,ST_TALAVERA,0.0,0.0,8,22
2025-07-03 01:00:00,ST_HUBANDLAND,2.3,2.3,10,20
2025-07-03 01:00:00,ST_RESIDENZ,1.0,3.0,24,6
2025-07-03 01:00:00,ST_TALAVERA,5.0,1.0,22,8
2025-07-03 02:00:00,ST_HUBANDLAND,4.3,1.3,7,23
2025-07-03 02:00:00,ST_RESIDENZ,4.0,4.0,20,10
2025-07-03 02:00:00,ST_TALAVERA,5.0,1.0,17,13
2025-07-03 03:00:00,ST_HUBANDLAND,3.3,3.3,19,11
2025-07-03 03:00:00,ST_RESIDENZ,1.0,3.0,15,15
2025-07-03 03:00:00,ST_TALAVERA,1.0,4.0,17,13
2025-07-03 04:00:00,ST_HUBANDLAND,1.3,1.3,7,23
2025-07-03 04:00:00,ST_RESIDENZ,2.0,3.0,24,6
2025-07-03 04:00:00,ST_TALAVERA,2.0,2.0,18,12
2025-07-03 05:00:00,ST_HUBANDLAND,3.3,2.3,15,15
2025-07-03 05:00:00,ST_RESIDENZ,4.0,3.0,23,7
2025-07-03 05:00:00,ST_TALAVERA,4.0,4.0,22,8
2025-07-03 06:00:00,ST_HUBANDLAND,0.0,0.0,7,23
2025-07-03 06:00:00,ST_RESIDENZ,0.0,0.0,23,7
2025-07-03 06:00:00,ST_TALAVERA,0.0,0.0,5,25
2025-07-03 07:00:00,ST_HUBANDLAND,1.3,4.3,14,16
2025-07-03 07:00:00,ST_RESIDENZ,1.0,2.0,22,8
2025-07-03 07:00:00,ST_TALAVERA,4.0,4.0,20,10
2025-07-03 08:00:00,ST_HUBANDLAND,16.900000000000002,19.900000000000002,22,8
2025-07-03 08:00:00,ST_RESIDENZ,16.0,14.0,23,7
2025-07-03 08:00:00,ST_TALAVERA,16.0,15.0,19,11
2025-07-03 09:00:00,ST_HUBANDLAND,17.900000000000002,18.900000000000002,5,25
2025-07-03 09:00:00,ST_RESIDENZ,15.0,14.0,15,15
2025-07-03 09:00:00,ST_TALAVERA,12.0,13.0,9,21
2025-07-03 10:00:00,ST_HUBANDLAND,16.900000000000002,18.900000000000002,20,10
2025-07-03 10:00:00,ST_RESIDENZ,15.0,17.0,7,23
2025-07-03 10:00:00,ST_TALAVERA,16.0,14.0,10,20
2025-07-03 11:00:00,ST_HUBANDLAND,18.900000000000002,17.900000000000002,20,10
2025-07-03 11:00:00,ST_RESIDENZ,15.0,16.0,12,18
2025-07-03 11:00:00,ST_TALAVERA,16.0,15.0,10,20
2025-07-03 12:00:00,ST_HUBANDLAND,17.900000000000002,17.900000000000002,14,16
2025-07-03 12:00:00,ST_RESIDENZ,17.0,17.0,24,6
2025-07-03 12:00:00,ST_TALAVERA,14.0,15.0,7,23
2025-07-03 13:00:00,ST_HUBANDLAND,19.900000000000002,17.900000000000002,5,25
2025-07-03 13:00:00,ST_RESIDENZ,15.0,14.0,23,7
2025-07-03 13:00:00,ST_TALAVERA,12.0,12.0,20,10
2025-07-03 14:00:00,ST_HUBANDLAND,17.900000000000002,18.900000000000002,8,22
2025-07-03 14:00:00,ST_RESIDENZ,16.0,15.0,14,16
2025-07-03 14:00:00,ST_TALAVERA,15.0,12.0,16,14
2025-07-03 15:00:00,ST_HUBANDLAND,19.900000000000002,17.900000000000002,7,23
2025-07-03 15:00:00,ST_RESIDENZ,16.0,14.0,20,10
2025-07-03 15:00:00,ST_TALAVERA,13.0,12.0,8,22
2025-07-03 16:00:00,ST_HUBANDLAND,19.900000000000002,18.900000000000002,9,21
2025-07-03 16:00:00,ST_RESIDENZ,14.0,17.0,9,21
2025-07-03 16:00:00,ST_TALAVERA,15.0,16.0,5,25
2025-07-03 17:00:00,ST_HUBANDLAND,17.900000000000002,17.900000000000002,16,14
2025-07-03 17:00:00,ST_RESIDENZ,15.0,14.0,24,6
2025-07-03 17:00:00,ST_TALAVERA,16.0,15.0,8,22
2025-07-03 18:00:00,ST_HUBANDLAND,17.900000000000002,16.900000000000002,16,14
2025-07-03 18:00:00,ST_RESIDENZ,17.0,17.0,13,17
2025-07-03 18:00:00,ST_TALAVERA,12.0,12.0,5,25
2025-07-03 19:00:00,ST_HUBANDLAND,19.900000000000002,16.900000000000002,17,13
2025-07-03 19:00:00,ST_RESIDENZ,14.0,17.0,12,18
2025-07-03 19:00:00,ST_TALAVERA,12.0,13.0,12,18
2025-07-03 20:00:00,ST_HUBANDLAND,19.900000000000002,17.900000000000002,16,14
2025-07-03 20:00:00,ST_RESIDENZ,16.0,17.0,15,15
2025-07-03 20:00:00,ST_TALAVERA,12.0,16.0,9,21
2025-07-03 21:00:00,ST_HUBANDLAND,1.3,1.3,20,10
2025-07-03 21:00:00,ST_RESIDENZ,2.0,4.0,20,10
2025-07-03 21:00:00,ST_TALAVERA,3.0,3.0,6,24
2025-07-03 22:00:00,ST_HUBANDLAND,2.3,3.3,17,13
2025-07-03 22:00:00,ST_RESIDENZ,3.0,1.0,11,19
2025-07-03 22:00:00,ST_TALAVERA,4.0,4.0,16,14
2025-07-03 23:00:00,ST_HUBANDLAND,2.3,4.3,9,21
2025-07-03 23:00:00,ST_RESIDENZ,1.0,4.0,19,11
2025-07-03 23:00:00,ST_TALAVERA,3.0,4.0,21,9
2025-07-04 00:00:00,ST_HUBANDLAND,0.0,0.0,8,22
2025-07-04 00:00:00,ST_RESIDENZ,0.0,0.0,24,6
2025-07-04 00:00:00,ST_TALAVERA,14.0,1.0,11,19
2025-07-04 01:00:00,ST_HUBANDLAND,2.3,4.3,19,11
2025-07-04 01:00:00,ST_RESIDENZ,2.0,3.0,21,9
2025-07-04 01:00:00,ST_TALAVERA,72.0,8.0,15,15
2025-07-04 02:00:00,ST_HUBANDLAND,1.3,1.3,16,14
2025-07-04 02:00:00,ST_RESIDENZ,2.0,4.0,10,20
2025-07-04 02:00:00,ST_TALAVERA,7.0,8.0,8,22
2025-07-04 03:00:00,ST_HUBANDLAND,1.3,3.3,23,7
2025-07-04 03:00:00,ST_RESIDENZ,1.0,1.0,19,11
2025-07-04 03:00:00,ST_TALAVERA,7.0,8.0,9,21
2025-07-04 04:00:00,ST_HUBANDLAND,2.3,1.3,23,7
2025-07-04 04:00:00,ST_RESIDENZ,2.0,4.0,12,18
2025-07-04 04:00:00,ST_TALAVERA,7.0,8.0,10,20
2025-07-04 05:00:00,ST_HUBANDLAND,3.3,1.3,15,15
2025-07-04 05:00:00,ST_RESIDENZ,3.0,2.0,11,19
2025-07-04 05:00:00,ST_TALAVERA,7.0,8.0,15,15
2025-07-04 06:00:00,ST_HUBANDLAND,4.3,2.3,10,20
2025-07-04 06:00:00,ST_RESIDENZ,3.0,2.0,6,24
2025-07-04 06:00:00,ST_TALAVERA,7.0,8.0,5,25
2025-07-04 07:00:00,ST_HUBANDLAND,0.0,0.0,13,17
2025-07-04 07:00:00,ST_RESIDENZ,0.0,0.0,17,13
2025-07-04 07:00:00,ST_TALAVERA,1.0,1.0,14,16
2025-07-04 08:00:00,ST_HUBANDLAND,18.900000000000002,19.900000000000002,5,25
2025-07-04 08:00:00,ST_RESIDENZ,17.0,15.0,10,20
2025-07-04 08:00:00,ST_TALAVERA,7.0,8.0,24,6
2025-07-04 09:00:00,ST_HUBANDLAND,16.900000000000002,18.900000000000002,16,14
2025-07-04 09:00:00,ST_RESIDENZ,17.0,15.0,9,21
2025-07-04 09:00:00,ST_TALAVERA,7.0,8.0,15,15
2025-07-04 10:00:00,ST_HUBANDLAND,18.900000000000002,18.900000000000002,18,12
2025-07-04 10:00:00,ST_RESIDENZ,16.0,14.0,24,6
2025-07-04 10:00:00,ST_TALAVERA,7.0,8.0,21,9
2025-07-04 11:00:00,ST_HUBANDLAND,17.900000000000002,19.900000000000002,10,20
2025-07-04 11:00:00,ST_RESIDENZ,16.0,16.0,5,25
2025-07-04 11:00:00,ST_TALAVERA,7.0,8.0,12,18
2025-07-04 12:00:00,ST_HUBANDLAND,17.900000000000002,17.900000000000002,5,25
2025-07-04 12:00:00,ST_RESIDENZ,14.0,15.0,22,8
2025-07-04 12:00:00,ST_TALAVERA,7.0,8.0,17,13
2025-07-04 13:00:00,ST_HUBANDLAND,18.900000000000002,17.900000000000002,6,24
2025-07-04 13:00:00,ST_RESIDENZ,17.0,15.0,19,11
2025-07-04 13:00:00,ST_TALAVERA,7.0,8.0,24,6
2025-07-04 14:00:00,ST_HUBANDLAND,17.900000000000002,19.900000000000002,15,15
2025-07-04 14:00:00,ST_RESIDENZ,16.0,16.0,14,16
2025-07-04 14:00:00,ST_TALAVERA,7.0,66.0,22,8
2025-07-04 15:00:00,ST_HUBANDLAND,19.900000000000002,16.900000000000002,7,23
2025-07-04 15:00:00,ST_RESIDENZ,14.0,16.0,7,23
2025-07-04 15:00:00,ST_TALAVERA,7.0,66.0,20,10
2025-07-04 16:00:00,ST_HUBANDLAND,18.900000000000002,19.900000000000002,14,16
2025-07-04 16:00:00,ST_RESIDENZ,16.0,15.0,9,21
2025-07-04 16:00:00,ST_TALAVERA,7.0,66.0,6,24
2025-07-04 17:00:00,ST_HUBANDLAND,16.900000000000002,16.900000000000002,10,20
2025-07-04 17:00:00,ST_RESIDENZ,14.0,17.0,17,13
2025-07-04 17:00:00,ST_TALAVERA,7.0,66.0,9,21
2025-07-04 18:00:00,ST_HUBANDLAND,18.900000000000002,19.900000000000002,10,20
2025-07-04 18:00:00,ST_RESIDENZ,17.0,15.0,12,18
2025-07-04 18:00:00,ST_TALAVERA,7.0,66.0,22,8
2025-07-04 19:00:00,ST_HUBANDLAND,18.900000000000002,16.900000000000002,24,6
2025-07-04 19:00:00,ST_RESIDENZ,17.0,17.0,6,24
2025-07-04 19:00:00,ST_TALAVERA,7.0,8.0,7,23
2025-07-04 20:00:00,ST_HUBANDLAND,18.900000000000002,17.900000000000002,6,24
2025-07-04 20:00:00,ST_RESIDENZ,17.0,17.0,13,17
2025-07-04 20:00:00,ST_TALAVERA,7.0,8.0,21,9
2025-07-04 21:00:00,ST_HUBANDLAND,3.3,4.3,14,16
2025-07-04 21:00:00,ST_RESIDENZ,3.0,4.0,21,9
2025-07-04 21:00:00,ST_TALAVERA,72.0,8.0,20,10
2025-07-04 22:00:00,ST_HUBANDLAND,1.3,3.3,10,20
2025-07-04 22:00:00,ST_RESIDENZ,3.0,3.0,22,8
2025-07-04 22:00:00,ST_TALAVERA,72.0,8.0,10,20
2025-07-04 23:00:00,ST_HUBANDLAND,1.3,1.3,21,9
2025-07-04 23:00:00,ST_RESIDENZ,1.0,2.0,17,13
2025-07-04 23:00:00,ST_TALAVERA,72.0,8.0,23,7
2025-07-05 00:00:00,ST_HUBANDLAND,0.2,1.2,18,12
2025-07-05 00:00:00,ST_RESIDENZ,2.5,2.5,5,25
2025-07-05 00:00:00,ST_TALAVERA,72.0,8.0,11,19
2025-07-05 01:00:00,ST_HUBANDLAND,2.2,2.2,9,21
2025-07-05 01:00:00,ST_RESIDENZ,2.5,1.5,16,14
2025-07-05 01:00:00,ST_TALAVERA,72.0,8.0,22,8
2025-07-05 02:00:00,ST_HUBANDLAND,3.2,1.2,21,9
2025-07-05 02:00:00,ST_RESIDENZ,4.5,3.5,24,6
2025-07-05 02:00:00,ST_TALAVERA,7.0,8.0,18,12
2025-07-05 03:00:00,ST_HUBANDLAND,3.2,0.2,6,24
2025-07-05 03:00:00,ST_RESIDENZ,2.5,1.5,24,6
2025-07-05 03:00:00,ST_TALAVERA,7.0,8.0,10,20
2025-07-05 04:00:00,ST_HUBANDLAND,0.2,3.2,13,17
2025-07-05 04:00:00,ST_RESIDENZ,4.5,1.5,9,21
2025-07-05 04:00:00,ST_TALAVERA,7.0,8.0,12,18
2025-07-05 05:00:00,ST_HUBANDLAND,3.2,1.2,16,14
2025-07-05 05:00:00,ST_RESIDENZ,1.5,4.5,12,18
2025-07-05 05:00:00,ST_TALAVERA,7.0,8.0,19,11
2025-07-05 06:00:00,ST_HUBANDLAND,3.2,3.2,23,7
2025-07-05 06:00:00,ST_RESIDENZ,2.5,3.5,19,11
2025-07-05 06:00:00,ST_TALAVERA,7.0,8.0,19,11
2025-07-05 07:00:00,ST_HUBANDLAND,3.2,3.2,11,19
2025-07-05 07:00:00,ST_RESIDENZ,2.5,1.5,7,23
2025-07-05 07:00:00,ST_TALAVERA,7.0,8.0,19,11
2025-07-05 08:00:00,ST_HUBANDLAND,5.6,3.6,13,17
2025-07-05 08:00:00,ST_RESIDENZ,24.0,22.0,10,20
2025-07-05 08:00:00,ST_TALAVERA,7.0,8.0,20,10
2025-07-05 09:00:00,ST_HUBANDLAND,5.6,3.6,20,10
2025-07-05 09:00:00,ST_RESIDENZ,21.0,21.0,17,13
2025-07-05 09:00:00,ST_TALAVERA,7.0,8.0,5,25
2025-07-05 10:00:00,ST_HUBANDLAND,3.6,3.6,24,6
2025-07-05 10:00:00,ST_RESIDENZ,22.0,23.0,16,14
2025-07-05 10:00:00,ST_TALAVERA,7.0,8.0,15,15
2025-07-05 11:00:00,ST_HUBANDLAND,2.6,5.6,15,15
2025-07-05 11:00:00,ST_RESIDENZ,22.0,22.0,23,7
2025-07-05 11:00:00,ST_TALAVERA,7.0,8.0,9,21
2025-07-05 12:00:00,ST_HUBANDLAND,4.6,4.6,16,14
2025-07-05 12:00:00,ST_RESIDENZ,22.0,22.0,22,8
2025-07-05 12:00:00,ST_TALAVERA,7.0,8.0,9,21
2025-07-05 13:00:00,ST_HUBANDLAND,5.6,2.6,19,11
2025-07-05 13:00:00,ST_RESIDENZ,21.0,22.0,5,25
2025-07-05 13:00:00,ST_TALAVERA,7.0,8.0,10,20
2025-07-05 14:00:00,ST_HUBANDLAND,3.6,4.6,22,8
2025-07-05 14:00:00,ST_RESIDENZ,21.0,24.0,11,19
2025-07-05 14:00:00,ST_TALAVERA,7.0,66.0,6,24
2025-07-05 15:00:00,ST_HUBANDLAND,4.6,5.6,23,7
2025-07-05 15:00:00,ST_RESIDENZ,22.0,22.0,16,14
2025-07-05 15:00:00,ST_TALAVERA,7.0,66.0,10,20
2025-07-05 16:00:00,ST_HUBANDLAND,3.6,3.6,20,10
2025-07-05 16:00:00,ST_RESIDENZ,24.0,24.0,14,16
2025-07-05 16:00:00,ST_TALAVERA,7.0,66.0,18,12
2025-07-05 17:00:00,ST_HUBANDLAND,5.6,3.6,19,11
2025-07-05 17:00:00,ST_RESIDENZ,24.0,24.0,16,14
2025-07-05 17:00:00,ST_TALAVERA,7.0,66.0,15,15
2025-07-05 18:00:00,ST_HUBANDLAND,5.6,2.6,9,21
2025-07-05 18:00:00,ST_RESIDENZ,22.0,21.0,15,15
2025-07-05 18:00:00,ST_TALAVERA,7.0,66.0,8,22
2025-07-05 19:00:00,ST_HUBANDLAND,5.6,2.6,15,15
2025-07-05 19:00:00,ST_RESIDENZ,21.0,21.0,8,22
2025-07-05 19:00:00,ST_TALAVERA,7.0,8.0,13,17
2025-07-05 20:00:00,ST_HUBANDLAND,5.6,4.6,19,11
2025-07-05 20:00:00,ST_RESIDENZ,22.0,22.0,23,7
2025-07-05 20:00:00,ST_TALAVERA,7.0,8.0,7,23
2025-07-05 21:00:00,ST_HUBANDLAND,2.2,2.2,22,8
2025-07-05 21:00:00,ST_RESIDENZ,1.5,3.5,10,20
2025-07-05 21:00:00,ST_TALAVERA,72.0,8.0,20,10
2025-07-05 22:00:00,ST_HUBANDLAND,2.2,0.2,17,13
2025-07-05 22:00:00,ST_RESIDENZ,2.5,2.5,13,17
2025-07-05 22:00:00,ST_TALAVERA,72.0,8.0,15,15
2025-07-05 23:00:00,ST_HUBANDLAND,1.2,3.2,8,22
2025-07-05 23:00:00,ST_RESIDENZ,1.5,1.5,24,6
2025-07-05 23:00:00,ST_TALAVERA,72.0,8.0,8,22
2025-07-06 00:00:00,ST_HUBANDLAND,0.2,2.2,21,9
2025-07-06 00:00:00,ST_RESIDENZ,3.5,2.5,14,16
2025-07-06 00:00:00,ST_TALAVERA,72.0,8.0,5,25
2025-07-06 01:00:00,ST_HUBANDLAND,3.2,1.2,8,22
2025-07-06 01:00:00,ST_RESIDENZ,4.5,1.5,9,21
2025-07-06 01:00:00,ST_TALAVERA,72.0,8.0,20,10
2025-07-06 02:00:00,ST_HUBANDLAND,1.2,1.2,20,10
2025-07-06 02:00:00,ST_RESIDENZ,3.5,2.5,17,13
2025-07-06 02:00:00,ST_TALAVERA,7.0,8.0,23,7
2025-07-06 03:00:00,ST_HUBANDLAND,1.2,3.2,19,11
2025-07-06 03:00:00,ST_RESIDENZ,4.5,3.5,13,17
2025-07-06 03:00:00,ST_TALAVERA,7.0,8.0,20,10
2025-07-06 04:00:00,ST_HUBANDLAND,1.2,0.2,18,12
2025-07-06 04:00:00,ST_RESIDENZ,1.5,2.5,6,24
2025-07-06 04:00:00,ST_TALAVERA,7.0,8.0,15,15
2025-07-06 05:00:00,ST_HUBANDLAND,3.2,2.2,16,14
2025-07-06 05:00:00,ST_RESIDENZ,3.5,3.5,22,8
2025-07-06 05:00:00,ST_TALAVERA,7.0,8.0,12,18
2025-07-06 06:00:00,ST_HUBANDLAND,3.2,1.2,7,23
2025-07-06 06:00:00,ST_RESIDENZ,4.5,3.5,5,25
2025-07-06 06:00:00,ST_TALAVERA,7.0,8.0,5,25
2025-07-06 07:00:00,ST_HUBANDLAND,0.0,0.0,14,16
2025-07-06 07:00:00,ST_RESIDENZ,0.0,0.0,16,14
2025-07-06 07:00:00,ST_TALAVERA,1.0,1.0,13,17
2025-07-06 08:00:00,ST_HUBANDLAND,5.6,4.6,12,18
2025-07-06 08:00:00,ST_RESIDENZ,21.0,23.0,14,16
2025-07-06 08:00:00,ST_TALAVERA,7.0,8.0,16,14
2025-07-06 09:00:00,ST_HUBANDLAND,3.6,5.6,10,20
2025-07-06 09:00:00,ST_RESIDENZ,21.0,23.0,6,24
2025-07-06 09:00:00,ST_TALAVERA,7.0,8.0,12,18
2025-07-06 10:00:00,ST_HUBANDLAND,4.6,3.6,18,12
2025-07-06 10:00:00,ST_RESIDENZ,22.0,21.0,13,17
2025-07-06 10:00:00,ST_TALAVERA,7.0,8.0,21,9
2025-07-06 11:00:00,ST_HUBANDLAND,5.6,5.6,21,9
2025-07-06 11:00:00,ST_RESIDENZ,22.0,21.0,6,24
2025-07-06 11:00:00,ST_TALAVERA,7.0,8.0,14,16
2025-07-06 12:00:00,ST_HUBANDLAND,4.6,5.6,23,7
2025-07-06 12:00:00,ST_RESIDENZ,24.0,23.0,18,12
2025-07-06 12:00:00,ST_TALAVERA,7.0,8.0,11,19
2025-07-06 13:00:00,ST_HUBANDLAND,2.6,5.6,20,10
2025-07-06 13:00:00,ST_RESIDENZ,21.0,24.0,15,15
2025-07-06 13:00:00,ST_TALAVERA,7.0,8.0,23,7
2025-07-06 14:00:00,ST_HUBANDLAND,5.6,4.6,19,11
2025-07-06 14:00:00,ST_RESIDENZ,24.0,22.0,15,15
2025-07-06 14:00:00,ST_TALAVERA,7.0,66.0,10,20
2025-07-06 15:00:00,ST_HUBANDLAND,0.0,1.0,19,11
2025-07-06 15:00:00,ST_RESIDENZ,4.0,4.0,21,9
2025-07-06 15:00:00,ST_TALAVERA,1.0,13.0,23,7
2025-07-06 16:00:00,ST_HUBANDLAND,3.6,4.6,5,25
2025-07-06 16:00:00,ST_RESIDENZ,21.0,22.0,8,22
2025-07-06 16:00:00,ST_TALAVERA,7.0,66.0,22,8
2025-07-06 17:00:00,ST_HUBANDLAND,5.6,4.6,16,14
2025-07-06 17:00:00,ST_RESIDENZ,22.0,21.0,17,13
2025-07-06 17:00:00,ST_TALAVERA,7.0,66.0,19,11
2025-07-06 18:00:00,ST_HUBANDLAND,5.6,5.6,14,16
2025-07-06 18:00:00,ST_RESIDENZ,24.0,22.0,11,19
2025-07-06 18:00:00,ST_TALAVERA,7.0,66.0,6,24
2025-07-06 19:00:00,ST_HUBANDLAND,5.6,5.6,18,12
2025-07-06 19:00:00,ST_RESIDENZ,24.0,23.0,20,10
2025-07-06 19:00:00,ST_TALAVERA,7.0,8.0,18,12
2025-07-06 20:00:00,ST_HUBANDLAND,2.6,2.6,14,16
2025-07-06 20:00:00,ST_RESIDENZ,24.0,23.0,5,25
2025-07-06 20:00:00,ST_TALAVERA,7.0,8.0,14,16
2025-07-06 21:00:00,ST_HUBANDLAND,0.2,1.2,14,16
2025-07-06 21:00:00,ST_RESIDENZ,1.5,3.5,17,13
2025-07-06 21:00:00,ST_TALAVERA,72.0,8.0,20,10
2025-07-06 22:00:00,ST_HUBANDLAND,1.2,0.2,24,6
2025-07-06 22:00:00,ST_RESIDENZ,2.5,3.5,5,25
2025-07-06 22:00:00,ST_TALAVERA,72.0,8.0,11,19
2025-07-06 23:00:00,ST_HUBANDLAND,0.0,0.0,15,15
2025-07-06 23:00:00,ST_RESIDENZ,0.0,0.0,15,15
2025-07-06 23:00:00,ST_TALAVERA,14.0,1.0,12,18
2025-07-07 00:00:00,ST_HUBANDLAND,3.3,2.3,20,10
2025-07-07 00:00:00,ST_RESIDENZ,4.0,4.0,10,20
2025-07-07 00:00:00,ST_TALAVERA,72.0,8.0,14,16
2025-07-07 01:00:00,ST_HUBANDLAND,1.3,1.3,13,17
2025-07-07 01:00:00,ST_RESIDENZ,4.0,4.0,24,6
2025-07-07 01:00:00,ST_TALAVERA,72.0,8.0,19,11
2025-07-07 02:00:00,ST_HUBANDLAND,4.3,1.3,19,11
2025-07-07 02:00:00,ST_RESIDENZ,4.0,3.0,7,23
2025-07-07 02:00:00,ST_TALAVERA,7.0,8.0,12,18
2025-07-07 03:00:00,ST_HUBANDLAND,3.3,2.3,18,12
2025-07-07 03:00:00,ST_RESIDENZ,4.0,4.0,16,14
2025-07-07 03:00:00,ST_TALAVERA,7.0,8.0,17,13
2025-07-07 04:00:00,ST_HUBANDLAND,3.3,2.3,23,7
2025-07-07 04:00:00,ST_RESIDENZ,3.0,2.0,9,21
2025-07-07 04:00:00,ST_TALAVERA,7.0,8.0,16,14
2025-07-07 05:00:00,ST_HUBANDLAND,1.3,2.3,13,17
2025-07-07 05:00:00,ST_RESIDENZ,3.0,3.0,13,17
2025-07-07 05:00:00,ST_TALAVERA,7.0,8.0,12,18
2025-07-07 06:00:00,ST_HUBANDLAND,2.3,3.3,8,22
2025-07-07 06:00:00,ST_RESIDENZ,3.0,1.0,16,14
2025-07-07 06:00:00,ST_TALAVERA,7.0,8.0,19,11
2025-07-07 07:00:00,ST_HUBANDLAND,1.3,2.3,11,19
2025-07-07 07:00:00,ST_RESIDENZ,4.0,3.0,14,16
2025-07-07 07:00:00,ST_TALAVERA,7.0,8.0,16,14
2025-07-07 08:00:00,ST_HUBANDLAND,16.900000000000002,19.900000000000002,12,18
2025-07-07 08:00:00,ST_RESIDENZ,17.0,15.0,23,7
2025-07-07 08:00:00,ST_TALAVERA,7.0,8.0,15,15
2025-07-07 09:00:00,ST_HUBANDLAND,19.900000000000002,19.900000000000002,12,18
2025-07-07 09:00:00,ST_RESIDENZ,15.0,17.0,9,21
2025-07-07 09:00:00,ST_TALAVERA,7.0,8.0,23,7
2025-07-07 10:00:00,ST_HUBANDLAND,16.900000000000002,19.900000000000002,23,7
2025-07-07 10:00:00,ST_RESIDENZ,14.0,16.0,9,21
2025-07-07 10:00:00,ST_TALAVERA,7.0,8.0,18,12
2025-07-07 11:00:00,ST_HUBANDLAND,19.900000000000002,16.900000000000002,19,11
2025-07-07 11:00:00,ST_RESIDENZ,15.0,17.0,13,17
2025-07-07 11:00:00,ST_TALAVERA,7.0,8.0,22,8
2025-07-07 12:00:00,ST_HUBANDLAND,17.900000000000002,16.900000000000002,20,10
2025-07-07 12:00:00,ST_RESIDENZ,16.0,16.0,24,6
2025-07-07 12:00:00,ST_TALAVERA,7.0,8.0,17,13
2025-07-07 13:00:00,ST_HUBANDLAND,19.900000000000002,16.900000000000002,13,17
2025-07-07 13:00:00,ST_RESIDENZ,15.0,15.0,21,9
2025-07-07 13:00:00,ST_TALAVERA,7.0,8.0,8,22
2025-07-07 14:00:00,ST_HUBANDLAND,3.0,3.0,16,14
2025-07-07 14:00:00,ST_RESIDENZ,3.0,3.0,14,16
2025-07-07 14:00:00,ST_TALAVERA,1.0,13.0,21,9
2025-07-07 15:00:00,ST_HUBANDLAND,17.900000000000002,19.900000000000002,20,10
2025-07-07 15:00:00,ST_RESIDENZ,16.0,17.0,5,25
2025-07-07 15:00:00,ST_TALAVERA,7.0,66.0,23,7
2025-07-07 16:00:00,ST_HUBANDLAND,17.900000000000002,17.900000000000002,8,22
2025-07-07 16:00:00,ST_RESIDENZ,16.0,17.0,20,10
2025-07-07 16:00:00,ST_TALAVERA,7.0,66.0,13,17
2025-07-07 17:00:00,ST_HUBANDLAND,3.0,3.0,9,21
2025-07-07 17:00:00,ST_RESIDENZ,2.0,3.0,19,11
2025-07-07 17:00:00,ST_TALAVERA,1.0,13.0,11,19
2025-07-07 18:00:00,ST_HUBANDLAND,19.900000000000002,18.900000000000002,12,18
2025-07-07 18:00:00,ST_RESIDENZ,14.0,16.0,21,9
2025-07-07 18:00:00,ST_TALAVERA,7.0,66.0,5,25
2025-07-07 19:00:00,ST_HUBANDLAND,18.900000000000002,16.900000000000002,5,25
2025-07-07 19:00:00,ST_RESIDENZ,16.0,14.0,24,6
2025-07-07 19:00:00,ST_TALAVERA,7.0,8.0,11,19
2025-07-07 20:00:00,ST_HUBANDLAND,16.900000000000002,18.900000000000002,10,20
2025-07-07 20:00:00,ST_RESIDENZ,16.0,16.0,17,13
2025-07-07 20:00:00,ST_TALAVERA,7.0,8.0,11,19
2025-07-07 21:00:00,ST_HUBANDLAND,2.3,4.3,19,11
2025-07-07 21:00:00,ST_RESIDENZ,2.0,2.0,5,25
2025-07-07 21:00:00,ST_TALAVERA,72.0,8.0,24,6
2025-07-07 22:00:00,ST_HUBANDLAND,3.3,3.3,8,22
2025-07-07 22:00:00,ST_RESIDENZ,3.0,1.0,12,18
2025-07-07 22:00:00,ST_TALAVERA,72.0,8.0,11,19
2025-07-07 23:00:00,ST_HUBANDLAND,1.3,1.3,15,15
2025-07-07 23:00:00,ST_RESIDENZ,4.0,2.0,9,21
2025-07-07 23:00:00,ST_TALAVERA,72.0,8.0,12,18
2025-07-08 00:00:00,ST_HUBANDLAND,3.3,2.3,9,21
2025-07-08 00:00:00,ST_RESIDENZ,2.0,3.0,10,20
2025-07-08 00:00:00,ST_TALAVERA,72.0,8.0,20,10
2025-07-08 01:00:00,ST_HUBANDLAND,2.3,3.3,22,8
2025-07-08 01:00:00,ST_RESIDENZ,4.0,1.0,24,6
2025-07-08 01:00:00,ST_TALAVERA,72.0,8.0,7,23
2025-07-08 02:00:00,ST_HUBANDLAND,3.3,4.3,19,11
2025-07-08 02:00:00,ST_RESIDENZ,4.0,2.0,18,12
2025-07-08 02:00:00,ST_TALAVERA,7.0,8.0,17,13
2025-07-08 03:00:00,ST_HUBANDLAND,0.0,0.0,22,8
2025-07-08 03:00:00,ST_RESIDENZ,0.0,0.0,15,15
2025-07-08 03:00:00,ST_TALAVERA,1.0,1.0,14,16
2025-07-08 04:00:00,ST_HUBANDLAND,2.3,4.3,24,6
2025-07-08 04:00:00,ST_RESIDENZ,3.0,1.0,10,20
2025-07-08 04:00:00,ST_TALAVERA,7.0,8.0,22,8
2025-07-08 05:00:00,ST_HUBANDLAND,3.3,2.3,17,13
2025-07-08 05:00:00,ST_RESIDENZ,1.0,1.0,15,15
2025-07-08 05:00:00,ST_TALAVERA,7.0,8.0,11,19
2025-07-08 06:00:00,ST_HUBANDLAND,1.3,4.3,9,21
2025-07-08 06:00:00,ST_RESIDENZ,1.0,2.0,17,13
2025-07-08 06:00:00,ST_TALAVERA,7.0,8.0,9,21
2025-07-08 07:00:00,ST_HUBANDLAND,3.3,1.3,5,25
2025-07-08 07:00:00,ST_RESIDENZ,4.0,4.0,16,14
2025-07-08 07:00:00,ST_TALAVERA,7.0,8.0,11,19
2025-07-08 08:00:00,ST_HUBANDLAND,19.900000000000002,16.900000000000002,22,8
2025-07-08 08:00:00,ST_RESIDENZ,16.0,14.0,6,24
2025-07-08 08:00:00,ST_TALAVERA,7.0,8.0,21,9
2025-07-08 09:00:00,ST_HUBANDLAND,16.900000000000002,19.900000000000002,18,12
2025-07-08 09:00:00,ST_RESIDENZ,15.0,15.0,7,23
2025-07-08 09:00:00,ST_TALAVERA,7.0,8.0,8,22
2025-07-08 10:00:00,ST_HUBANDLAND,18.900000000000002,18.900000000000002,9,21
2025-07-08 10:00:00,ST_RESIDENZ,17.0,14.0,8,22
2025-07-08 10:00:00,ST_TALAVERA,7.0,8.0,20,10
2025-07-08 11:00:00,ST_HUBANDLAND,19.900000000000002,19.900000000000002,10,20
2025-07-08 11:00:00,ST_RESIDENZ,15.0,14.0,21,9
2025-07-08 11:00:00,ST_TALAVERA,7.0,8.0,23,7
2025-07-08 12:00:00,ST_HUBANDLAND,19.900000000000002,16.900000000000002,20,10
2025-07-08 12:00:00,ST_RESIDENZ,15.0,14.0,10,20
2025-07-08 12:00:00,ST_TALAVERA,7.0,8.0,14,16
2025-07-08 13:00:00,ST_HUBANDLAND,19.900000000000002,16.900000000000002,16,14
2025-07-08 13:00:00,ST_RESIDENZ,16.0,17.0,11,19
2025-07-08 13:00:00,ST_TALAVERA,7.0,8.0,7,23
2025-07-08 14:00:00,ST_HUBANDLAND,18.900000000000002,16.900000000000002,24,6
2025-07-08 14:00:00,ST_RESIDENZ,16.0,16.0,19,11
2025-07-08 14:00:00,ST_TALAVERA,7.0,66.0,7,23
2025-07-08 15:00:00,ST_HUBANDLAND,17.900000000000002,18.900000000000002,22,8
2025-07-08 15:00:00,ST_RESIDENZ,14.0,16.0,15,15
2025-07-08 15:00:00,ST_TALAVERA,7.0,66.0,21,9
2025-07-08 16:00:00,ST_HUBANDLAND,19.900000000000002,18.900000000000002,6,24
2025-07-08 16:00:00,ST_RESIDENZ,14.0,17.0,7,23
2025-07-08 16:00:00,ST_TALAVERA,7.0,66.0,14,16
2025-07-08 17:00:00,ST_HUBANDLAND,17.900000000000002,18.900000000000002,17,13
2025-07-08 17:00:00,ST_RESIDENZ,16.0,17.0,10,20
2025-07-08 17:00:00,ST_TALAVERA,7.0,66.0,21,9
2025-07-08 18:00:00,ST_HUBANDLAND,16.900000000000002,16.900000000000002,21,9
2025-07-08 18:00:00,ST_RESIDENZ,17.0,15.0,6,24
2025-07-08 18:00:00,ST_TALAVERA,7.0,66.0,21,9
2025-07-08 19:00:00,ST_HUBANDLAND,3.0,3.0,21,9
2025-07-08 19:00:00,ST_RESIDENZ,2.0,2.0,18,12
2025-07-08 19:00:00,ST_TALAVERA,1.0,1.0,8,22
2025-07-08 20:00:00,ST_HUBANDLAND,17.900000000000002,19.900000000000002,20,10
2025-07-08 20:00:00,ST_RESIDENZ,15.0,17.0,13,17
2025-07-08 20:00:00,ST_TALAVERA,7.0,8.0,10,20
2025-07-08 21:00:00,ST_HUBANDLAND,2.3,4.3,22,8
2025-07-08 21:00:00,ST_RESIDENZ,4.0,2.0,22,8
2025-07-08 21:00:00,ST_TALAVERA,72.0,8.0,16,14
2025-07-08 22:00:00,ST_HUBANDLAND,2.3,1.3,12,18
2025-07-08 22:00:00,ST_RESIDENZ,2.0,3.0,23,7
2025-07-08 22:00:00,ST_TALAVERA,72.0,8.0,24,6
2025-07-08 23:00:00,ST_HUBANDLAND,0.0,0.0,7,23
2025-07-08 23:00:00,ST_RESIDENZ,0.0,0.0,16,14
2025-07-08 23:00:00,ST_TALAVERA,14.0,1.0,21,9
2025-07-09 00:00:00,ST_HUBANDLAND,1.3,2.3,21,9
2025-07-09 00:00:00,ST_RESIDENZ,2.0,3.0,17,13
2025-07-09 00:00:00,ST_TALAVERA,72.0,8.0,21,9
2025-07-09 01:00:00,ST_HUBANDLAND,1.3,2.3,22,8
2025-07-09 01:00:00,ST_RESIDENZ,4.0,3.0,16,14
2025-07-09 01:00:00,ST_TALAVERA,72.0,8.0,14,16
2025-07-09 02:00:00,ST_HUBANDLAND,2.3,3.3,10,20
2025-07-09 02:00:00,ST_RESIDENZ,3.0,2.0,16,14
2025-07-09 02:00:00,ST_TALAVERA,7.0,8.0,11,19
2025-07-09 03:00:00,ST_HUBANDLAND,2.3,4.3,12,18
2025-07-09 03:00:00,ST_RESIDENZ,4.0,1.0,22,8
2025-07-09 03:00:00,ST_TALAVERA,7.0,8.0,20,10
2025-07-09 04:00:00,ST_HUBANDLAND,4.3,4.3,17,13
2025-07-09 04:00:00,ST_RESIDENZ,2.0,2.0,13,17
2025-07-09 04:00:00,ST_TALAVERA,7.0,8.0,17,13
2025-07-09 05:00:00,ST_HUBANDLAND,1.3,2.3,12,18
2025-07-09 05:00:00,ST_RESIDENZ,4.0,1.0,21,9
2025-07-09 05:00:00,ST_TALAVERA,7.0,8.0,7,23
2025-07-09 06:00:00,ST_HUBANDLAND,3.3,2.3,23,7
2025-07-09 06:00:00,ST_RESIDENZ,3.0,3.0,20,10
2025-07-09 06:00:00,ST_TALAVERA,7.0,8.0,6,24
2025-07-09 07:00:00,ST_HUBANDLAND,1.3,3.3,10,20
2025-07-09 07:00:00,ST_RESIDENZ,2.0,4.0,21,9
2025-07-09 07:00:00,ST_TALAVERA,7.0,8.0,20,10
2025-07-09 08:00:00,ST_HUBANDLAND,18.900000000000002,19.900000000000002,19,11
2025-07-09 08:00:00,ST_RESIDENZ,15.0,17.0,12,18
2025-07-09 08:00:00,ST_TALAVERA,7.0,8.0,10,20
2025-07-09 09:00:00,ST_HUBANDLAND,19.900000000000002,17.900000000000002,14,16
2025-07-09 09:00:00,ST_RESIDENZ,14.0,17.0,15,15
2025-07-09 09:00:00,ST_TALAVERA,7.0,8.0,10,20
2025-07-09 10:00:00,ST_HUBANDLAND,17.900000000000002,19.900000000000002,21,9
2025-07-09 10:00:00,ST_RESIDENZ,14.0,14.0,6,24
2025-07-09 10:00:00,ST_TALAVERA,7.0,8.0,17,13
2025-07-09 11:00:00,ST_HUBANDLAND,19.900000000000002,17.900000000000002,5,25
2025-07-09 11:00:00,ST_RESIDENZ,17.0,16.0,12,18
2025-07-09 11:00:00,ST_TALAVERA,7.0,8.0,11,19
2025-07-09 12:00:00,ST_HUBANDLAND,17.900000000000002,18.900000000000002,11,19
2025-07-09 12:00:00,ST_RESIDENZ,14.0,15.0,16,14
2025-07-09 12:00:00,ST_TALAVERA,7.0,8.0,9,21
2025-07-09 13:00:00,ST_HUBANDLAND,16.900000000000002,19.900000000000002,17,13
2025-07-09 13:00:00,ST_RESIDENZ,14.0,17.0,5,25
2025-07-09 13:00:00,ST_TALAVERA,7.0,8.0,11,19
2025-07-09 14:00:00,ST_HUBANDLAND,17.900000000000002,17.900000000000002,7,23
2025-07-09 14:00:00,ST_RESIDENZ,14.0,14.0,17,13
2025-07-09 14:00:00,ST_TALAVERA,7.0,66.0,6,24
2025-07-09 15:00:00,ST_HUBANDLAND,18.900000000000002,17.900000000000002,23,7
2025-07-09 15:00:00,ST_RESIDENZ,14.0,17.0,21,9
2025-07-09 15:00:00,ST_TALAVERA,7.0,66.0,21,9
2025-07-09 16:00:00,ST_HUBANDLAND,18.900000000000002,17.900000000000002,19,11
2025-07-09 16:00:00,ST_RESIDENZ,16.0,15.0,18,12
2025-07-09 16:00:00,ST_TALAVERA,7.0,66.0,17,13
2025-07-09 17:00:00,ST_HUBANDLAND,19.900000000000002,17.900000000000002,9,21
2025-07-09 17:00:00,ST_RESIDENZ,16.0,16.0,18,12
2025-07-09 17:00:00,ST_TALAVERA,7.0,66.0,20,10
2025-07-09 18:00:00,ST_HUBANDLAND,16.900000000000002,18.900000000000002,15,15
2025-07-09 18:00:00,ST_RESIDENZ,14.0,15.0,20,10
2025-07-09 18:00:00,ST_TALAVERA,7.0,66.0,24,6
2025-07-09 19:00:00,ST_HUBANDLAND,18.900000000000002,19.900000000000002,22,8
2025-07-09 19:00:00,ST_RESIDENZ,17.0,16.0,21,9
2025-07-09 19:00:00,ST_TALAVERA,7.0,8.0,6,24
2025-07-09 20:00:00,ST_HUBANDLAND,19.900000000000002,19.900000000000002,7,23
2025-07-09 20:00:00,ST_RESIDENZ,16.0,16.0,10,20
2025-07-09 20:00:00,ST_TALAVERA,7.0,8.0,9,21
2025-07-09 21:00:00,ST_HUBANDLAND,1.3,1.3,10,20
2025-07-09 21:00:00,ST_RESIDENZ,1.0,3.0,11,19
2025-07-09 21:00:00,ST_TALAVERA,72.0,8.0,22,8
2025-07-09 22:00:00,ST_HUBANDLAND,1.3,4.3,7,23
2025-07-09 22:00:00,ST_RESIDENZ,3.0,4.0,5,25
2025-07-09 22:00:00,ST_TALAVERA,72.0,8.0,11,19
2025-07-09 23:00:00,ST_HUBANDLAND,4.3,1.3,9,21
2025-07-09 23:00:00,ST_RESIDENZ,2.0,2.0,19,11
2025-07-09 23:00:00,ST_TALAVERA,72.0,8.0,15,15
2025-07-10 00:00:00,ST_HUBANDLAND,3.3,2.3,13,17
2025-07-10 00:00:00,ST_RESIDENZ,3.0,4.0,24,6
2025-07-10 00:00:00,ST_TALAVERA,72.0,8.0,15,15
2025-07-10 01:00:00,ST_HUBANDLAND,3.3,3.3,23,7
2025-07-10 01:00:00,ST_RESIDENZ,3.0,2.0,22,8
2025-07-10 01:00:00,ST_TALAVERA,72.0,8.0,21,9
2025-07-10 02:00:00,ST_HUBANDLAND,4.3,3.3,17,13
2025-07-10 02:00:00,ST_RESIDENZ,4.0,1.0,17,13
2025-07-10 02:00:00,ST_TALAVERA,7.0,8.0,20,10
2025-07-10 03:00:00,ST_HUBANDLAND,3.3,2.3,10,20
2025-07-10 03:00:00,ST_RESIDENZ,3.0,1.0,6,24
2025-07-10 03:00:00,ST_TALAVERA,7.0,8.0,17,13
2025-07-10 04:00:00,ST_HUBANDLAND,4.3,1.3,15,15
2025-07-10 04:00:00,ST_RESIDENZ,4.0,2.0,23,7
2025-07-10 04:00:00,ST_TALAVERA,7.0,8.0,9,21
2025-07-10 05:00:00,ST_HUBANDLAND,3.3,2.3,18,12
2025-07-10 05:00:00,ST_RESIDENZ,2.0,2.0,19,11
2025-07-10 05:00:00,ST_TALAVERA,7.0,8.0,24,6
2025-07-10 06:00:00,ST_HUBANDLAND,3.3,3.3,10,20
2025-07-10 06:00:00,ST_RESIDENZ,1.0,2.0,16,14
2025-07-10 06:00:00,ST_TALAVERA,7.0,8.0,20,10
2025-07-10 07:00:00,ST_HUBANDLAND,4.3,3.3,10,20
2025-07-10 07:00:00,ST_RESIDENZ,4.0,2.0,19,11
2025-07-10 07:00:00,ST_TALAVERA,7.0,8.0,20,10
2025-07-10 08:00:00,ST_HUBANDLAND,19.900000000000002,19.900000000000002,21,9
2025-07-10 08:00:00,ST_RESIDENZ,16.0,16.0,22,8
2025-07-10 08:00:00,ST_TALAVERA,7.0,8.0,20,10
2025-07-10 09:00:00,ST_HUBANDLAND,18.900000000000002,16.900000000000002,15,15
2025-07-10 09:00:00,ST_RESIDENZ,16.0,17.0,18,12
2025-07-10 09:00:00,ST_TALAVERA,7.0,8.0,18,12
2025-07-10 10:00:00,ST_HUBANDLAND,19.900000000000002,19.900000000000002,19,11
2025-07-10 10:00:00,ST_RESIDENZ,17.0,16.0,10,20
2025-07-10 10:00:00,ST_TALAVERA,7.0,8.0,10,20
2025-07-10 11:00:00,ST_HUBANDLAND,18.900000000000002,18.900000000000002,13,17
2025-07-10 11:00:00,ST_RESIDENZ,15.0,17.0,16,14
2025-07-10 11:00:00,ST_TALAVERA,7.0,8.0,6,24
2025-07-10 12:00:00,ST_HUBANDLAND,17.900000000000002,18.900000000000002,21,9
2025-07-10 12:00:00,ST_RESIDENZ,14.0,17.0,24,6
2025-07-10 12:00:00,ST_TALAVERA,7.0,8.0,18,12
2025-07-10 13:00:00,ST_HUBANDLAND,16.900000000000002,19.900000000000002,11,19
2025-07-10 13:00:00,ST_RESIDENZ,16.0,17.0,10,20
2025-07-10 13:00:00,ST_TALAVERA,7.0,8.0,20,10
2025-07-10 14:00:00,ST_HUBANDLAND,16.900000000000002,19.900000000000002,11,19
2025-07-10 14:00:00,ST_RESIDENZ,15.0,16.0,13,17
2025-07-10 14:00:00,ST_TALAVERA,7.0,66.0,24,6
2025-07-10 15:00:00,ST_HUBANDLAND,18.900000000000002,18.900000000000002,5,25
2025-07-10 15:00:00,ST_RESIDENZ,14.0,15.0,8,22
2025-07-10 15:00:00,ST_TALAVERA,7.0,66.0,17,13
2025-07-10 16:00:00,ST_HUBANDLAND,16.900000000000002,19.900000000000002,12,18
2025-07-10 16:00:00,ST_RESIDENZ,14.0,16.0,21,9
2025-07-10 16:00:00,ST_TALAVERA,7.0,66.0,19,11
2025-07-10 17:00:00,ST_HUBANDLAND,18.900000000000002,19.900000000000002,9,21
2025-07-10 17:00:00,ST_RESIDENZ,16.0,16.0,6,24
2025-07-10 17:00:00,ST_TALAVERA,7.0,66.0,16,14
2025-07-10 18:00:00,ST_HUBANDLAND,19.900000000000002,16.900000000000002,23,7
2025-07-10 18:00:00,ST_RESIDENZ,17.0,17.0,20,10
2025-07-10 18:00:00,ST_TALAVERA,7.0,66.0,13,17
2025-07-10 19:00:00,ST_HUBANDLAND,17.900000000000002,18.900000000000002,12,18
2025-07-10 19:00:00,ST_RESIDENZ,16.0,14.0,18,12
2025-07-10 19:00:00,ST_TALAVERA,7.0,8.0,22,8
2025-07-10 20:00:00,ST_HUBANDLAND,16.900000000000002,17.900000000000002,21,9
2025-07-10 20:00:00,ST_RESIDENZ,16.0,14.0,12,18
2025-07-10 20:00:00,ST_TALAVERA,7.0,8.0,18,12
2025-07-10 21:00:00,ST_HUBANDLAND,1.3,1.3,23,7
2025-07-10 21:00:00,ST_RESIDENZ,3.0,3.0,18,12
2025-07-10 21:00:00,ST_TALAVERA,72.0,8.0,24,6
2025-07-10 22:00:00,ST_HUBANDLAND,4.3,2.3,16,14
2025-07-10 22:00:00,ST_RESIDENZ,2.0,4.0,6,24
2025-07-10 22:00:00,ST_TALAVERA,72.0,8.0,8,22
2025-07-10 23:00:00,ST_HUBANDLAND,2.3,4.3,19,11
2025-07-10 23:00:00,ST_RESIDENZ,4.0,3.0,20,10
2025-07-10 23:00:00,ST_TALAVERA,72.0,8.0,12,18
2025-07-11 00:00:00,ST_HUBANDLAND,2.3,4.3,8,22
2025-07-11 00:00:00,ST_RESIDENZ,2.0,3.0,8,22
2025-07-11 00:00:00,ST_TALAVERA,72.0,8.0,12,18
2025-07-11 01:00:00,ST_HUBANDLAND,2.3,2.3,16,14
2025-07-11 01:00:00,ST_RESIDENZ,3.0,2.0,5,25
2025-07-11 01:00:00,ST_TALAVERA,72.0,8.0,20,10
2025-07-11 02:00:00,ST_HUBANDLAND,4.3,4.3,17,13
2025-07-11 02:00:00,ST_RESIDENZ,4.0,4.0,24,6
2025-07-11 02:00:00,ST_TALAVERA,7.0,8.0,14,16
2025-07-11 03:00:00,ST_HUBANDLAND,1.3,4.3,18,12
2025-07-11 03:00:00,ST_RESIDENZ,1.0,1.0,18,12
2025-07-11 03:00:00,ST_TALAVERA,7.0,8.0,21,9
2025-07-11 04:00:00,ST_HUBANDLAND,1.3,1.3,9,21
2025-07-11 04:00:00,ST_RESIDENZ,4.0,1.0,12,18
2025-07-11 04:00:00,ST_TALAVERA,7.0,8.0,5,25
2025-07-11 05:00:00,ST_HUBANDLAND,2.3,2.3,20,10
2025-07-11 05:00:00,ST_RESIDENZ,3.0,1.0,7,23
2025-07-11 05:00:00,ST_TALAVERA,7.0,8.0,22,8
2025-07-11 06:00:00,ST_HUBANDLAND,4.3,1.3,11,19
2025-07-11 06:00:00,ST_RESIDENZ,4.0,3.0,9,21
2025-07-11 06:00:00,ST_TALAVERA,7.0,8.0,14,16
2025-07-11 07:00:00,ST_HUBANDLAND,4.3,2.3,19,11
2025-07-11 07:00:00,ST_RESIDENZ,1.0,4.0,10,20
2025-07-11 07:00:00,ST_TALAVERA,7.0,8.0,8,22
2025-07-11 08:00:00,ST_HUBANDLAND,19.900000000000002,16.900000000000002,17,13
2025-07-11 08:00:00,ST_RESIDENZ,14.0,15.0,12,18
2025-07-11 08:00:00,ST_TALAVERA,7.0,8.0,5,25
2025-07-11 09:00:00,ST_HUBANDLAND,3.0,3.0,20,10
2025-07-11 09:00:00,ST_RESIDENZ,3.0,2.0,10,20
2025-07-11 09:00:00,ST_TALAVERA,1.0,1.0,8,22
2025-07-11 10:00:00,ST_HUBANDLAND,19.900000000000002,18.900000000000002,16,14
2025-07-11 10:00:00,ST_RESIDENZ,14.0,17.0,10,20
2025-07-11 10:00:00,ST_TALAVERA,7.0,8.0,8,22
2025-07-11 11:00:00,ST_HUBANDLAND,17.900000000000002,17.900000000000002,11,19
2025-07-11 11:00:00,ST_RESIDENZ,15.0,14.0,8,22
2025-07-11 11:00:00,ST_TALAVERA,7.0,8.0,8,22
2025-07-11 12:00:00,ST_HUBANDLAND,3.0,3.0,20,10
2025-07-11 12:00:00,ST_RESIDENZ,3.0,3.0,11,19
2025-07-11 12:00:00,ST_TALAVERA,1.0,1.0,21,9
2025-07-11 13:00:00,ST_HUBANDLAND,17.900000000000002,16.900000000000002,17,13
2025-07-11 13:00:00,ST_RESIDENZ,14.0,17.0,23,7
2025-07-11 13:00:00,ST_TALAVERA,7.0,8.0,13,17
2025-07-11 14:00:00,ST_HUBANDLAND,18.900000000000002,17.900000000000002,7,23
2025-07-11 14:00:00,ST_RESIDENZ,14.0,16.0,11,19
2025-07-11 14:00:00,ST_TALAVERA,7.0,66.0,23,7
2025-07-11 15:00:00,ST_HUBANDLAND,17.900000000000002,18.900000000000002,19,11
2025-07-11 15:00:00,ST_RESIDENZ,17.0,16.0,7,23
2025-07-11 15:00:00,ST_TALAVERA,7.0,66.0,17,13
2025-07-11 16:00:00,ST_HUBANDLAND,19.900000000000002,18.900000000000002,7,23
2025-07-11 16:00:00,ST_RESIDENZ,15.0,14.0,12,18
2025-07-11 16:00:00,ST_TALAVERA,7.0,66.0,8,22
2025-07-11 17:00:00,ST_HUBANDLAND,18.900000000000002,17.900000000000002,11,19
2025-07-11 17:00:00,ST_RESIDENZ,17.0,14.0,5,25
2025-07-11 17:00:00,ST_TALAVERA,7.0,66.0,9,21
2025-07-11 18:00:00,ST_HUBANDLAND,16.900000000000002,18.900000000000002,22,8
2025-07-11 18:00:00,ST_RESIDENZ,14.0,17.0,5,25
2025-07-11 18:00:00,ST_TALAVERA,7.0,66.0,17,13
2025-07-11 19:00:00,ST_HUBANDLAND,16.900000000000002,18.900000000000002,18,12
2025-07-11 19:00:00,ST_RESIDENZ,17.0,15.0,18,12
2025-07-11 19:00:00,ST_TALAVERA,7.0,8.0,20,10
2025-07-11 20:00:00,ST_HUBANDLAND,19.900000000000002,17.900000000000002,22,8
2025-07-11 20:00:00,ST_RESIDENZ,14.0,14.0,10,20
2025-07-11 20:00:00,ST_TALAVERA,7.0,8.0,9,21
2025-07-11 21:00:00,ST_HUBANDLAND,4.3,3.3,23,7
2025-07-11 21:00:00,ST_RESIDENZ,3.0,4.0,14,16
2025-07-11 21:00:00,ST_TALAVERA,72.0,8.0,12,18
2025-07-11 22:00:00,ST_HUBANDLAND,4.3,3.3,18,12
2025-07-11 22:00:00,ST_RESIDENZ,4.0,2.0,18,12
2025-07-11 22:00:00,ST_TALAVERA,72.0,8.0,20,10
2025-07-11 23:00:00,ST_HUBANDLAND,4.3,3.3,24,6
2025-07-11 23:00:00,ST_RESIDENZ,4.0,1.0,8,22
2025-07-11 23:00:00,ST_TALAVERA,72.0,8.0,5,25
2025-07-12 00:00:00,ST_HUBANDLAND,2.2,2.2,10,20
2025-07-12 00:00:00,ST_RESIDENZ,1.5,1.5,10,20
2025-07-12 00:00:00,ST_TALAVERA,72.0,8.0,10,20
2025-07-12 01:00:00,ST_HUBANDLAND,0.0,0.0,12,18
2025-07-12 01:00:00,ST_RESIDENZ,0.0,0.0,20,10
2025-07-12 01:00:00,ST_TALAVERA,14.0,1.0,15,15
2025-07-12 02:00:00,ST_HUBANDLAND,1.2,1.2,11,19
2025-07-12 02:00:00,ST_RESIDENZ,1.5,1.5,5,25
2025-07-12 02:00:00,ST_TALAVERA,7.0,8.0,20,10
2025-07-12 03:00:00,ST_HUBANDLAND,0.2,3.2,24,6
2025-07-12 03:00:00,ST_RESIDENZ,1.5,3.5,10,20
2025-07-12 03:00:00,ST_TALAVERA,7.0,8.0,9,21
2025-07-12 04:00:00,ST_HUBANDLAND,3.2,3.2,22,8
2025-07-12 04:00:00,ST_RESIDENZ,4.5,2.5,13,17
2025-07-12 04:00:00,ST_TALAVERA,7.0,8.0,20,10
2025-07-12 05:00:00,ST_HUBANDLAND,1.2,0.2,22,8
2025-07-12 05:00:00,ST_RESIDENZ,1.5,2.5,19,11
2025-07-12 05:00:00,ST_TALAVERA,7.0,8.0,11,19
2025-07-12 06:00:00,ST_HUBANDLAND,0.0,0.0,19,11
2025-07-12 06:00:00,ST_RESIDENZ,0.0,0.0,16,14
2025-07-12 06:00:00,ST_TALAVERA,1.0,1.0,23,7
2025-07-12 07:00:00,ST_HUBANDLAND,1.2,3.2,24,6
2025-07-12 07:00:00,ST_RESIDENZ,2.5,4.5,7,23
2025-07-12 07:00:00,ST_TALAVERA,7.0,8.0,5,25
2025-07-12 08:00:00,ST_HUBANDLAND,4.6,2.6,23,7
2025-07-12 08:00:00,ST_RESIDENZ,24.0,23.0,15,15
2025-07-12 08:00:00,ST_TALAVERA,7.0,8.0,13,17
2025-07-12 09:00:00,ST_HUBANDLAND,2.6,4.6,6,24
2025-07-12 09:00:00,ST_RESIDENZ,21.0,23.0,19,11
2025-07-12 09:00:00,ST_TALAVERA,7.0,8.0,22,8
2025-07-12 10:00:00,ST_HUBANDLAND,2.6,4.6,12,18
2025-07-12 10:00:00,ST_RESIDENZ,21.0,22.0,7,23
2025-07-12 10:00:00,ST_TALAVERA,7.0,8.0,17,13
2025-07-12 11:00:00,ST_HUBANDLAND,4.6,5.6,15,15
2025-07-12 11:00:00,ST_RESIDENZ,22.0,24.0,18,12
2025-07-12 11:00:00,ST_TALAVERA,7.0,8.0,19,11
2025-07-12 12:00:00,ST_HUBANDLAND,3.6,2.6,22,8
2025-07-12 12:00:00,ST_RESIDENZ,24.0,21.0,6,24
2025-07-12 12:00:00,ST_TALAVERA,7.0,8.0,7,23
2025-07-12 13:00:00,ST_HUBANDLAND,5.6,4.6,17,13
2025-07-12 13:00:00,ST_RESIDENZ,22.0,23.0,8,22
2025-07-12 13:00:00,ST_TALAVERA,7.0,8.0,14,16
2025-07-12 14:00:00,ST_HUBANDLAND,3.6,2.6,13,17
2025-07-12 14:00:00,ST_RESIDENZ,24.0,23.0,23,7
2025-07-12 14:00:00,ST_TALAVERA,7.0,66.0,13,17
2025-07-12 15:00:00,ST_HUBANDLAND,2.6,3.6,13,17
2025-07-12 15:00:00,ST_RESIDENZ,21.0,24.0,16,14
2025-07-12 15:00:00,ST_TALAVERA,7.0,66.0,17,13
2025-07-12 16:00:00,ST_HUBANDLAND,4.6,3.6,21,9
2025-07-12 16:00:00,ST_RESIDENZ,24.0,23.0,6,24
2025-07-12 16:00:00,ST_TALAVERA,7.0,66.0,20,10
2025-07-12 17:00:00,ST_HUBANDLAND,4.6,3.6,11,19
2025-07-12 17:00:00,ST_RESIDENZ,21.0,24.0,21,9
2025-07-12 17:00:00,ST_TALAVERA,7.0,66.0,7,23
2025-07-12 18:00:00,ST_HUBANDLAND,3.6,3.6,13,17
2025-07-12 18:00:00,ST_RESIDENZ,21.0,21.0,7,23
2025-07-12 18:00:00,ST_TALAVERA,7.0,66.0,19,11
2025-07-12 19:00:00,ST_HUBANDLAND,3.6,5.6,5,25
2025-07-12 19:00:00,ST_RESIDENZ,23.0,24.0,14,16
2025-07-12 19:00:00,ST_TALAVERA,7.0,8.0,21,9
2025-07-12 20:00:00,ST_HUBANDLAND,0.0,0.0,6,24
2025-07-12 20:00:00,ST_RESIDENZ,4.0,4.0,20,10
2025-07-12 20:00:00,ST_TALAVERA,1.0,1.0,18,12
2025-07-12 21:00:00,ST_HUBANDLAND,0.2,1.2,8,22
2025-07-12 21:00:00,ST_RESIDENZ,4.5,4.5,13,17
2025-07-12 21:00:00,ST_TALAVERA,72.0,8.0,11,19
2025-07-12 22:00:00,ST_HUBANDLAND,3.2,0.2,18,12
2025-07-12 22:00:00,ST_RESIDENZ,1.5,3.5,15,15
2025-07-12 22:00:00,ST_TALAVERA,72.0,8.0,24,6
2025-07-12 23:00:00,ST_HUBANDLAND,3.2,2.2,8,22
2025-07-12 23:00:00,ST_RESIDENZ,2.5,1.5,19,11
2025-07-12 23:00:00,ST_TALAVERA,72.0,8.0,20,10
2025-07-13 00:00:00,ST_HUBANDLAND,1.2,0.2,6,24
2025-07-13 00:00:00,ST_RESIDENZ,1.5,3.5,7,23
2025-07-13 00:00:00,ST_TALAVERA,72.0,8.0,12,18
2025-07-13 01:00:00,ST_HUBANDLAND,2.2,3.2,12,18
2025-07-13 01:00:00,ST_RESIDENZ,2.5,1.5,20,10
2025-07-13 01:00:00,ST_TALAVERA,3.0,5.0,8,22
2025-07-13 02:00:00,ST_HUBANDLAND,2.2,1.2,22,8
2025-07-13 02:00:00,ST_RESIDENZ,4.5,4.5,16,14
2025-07-13 02:00:00,ST_TALAVERA,5.0,4.0,24,6
2025-07-13 03:00:00,ST_HUBANDLAND,2.2,2.2,23,7
2025-07-13 03:00:00,ST_RESIDENZ,4.5,4.5,9,21
2025-07-13 03:00:00,ST_TALAVERA,4.0,3.0,19,11
2025-07-13 04:00:00,ST_HUBANDLAND,0.2,2.2,18,12
2025-07-13 04:00:00,ST_RESIDENZ,2.5,4.5,11,19
2025-07-13 04:00:00,ST_TALAVERA,3.0,5.0,9,21
2025-07-13 05:00:00,ST_HUBANDLAND,1.2,1.2,24,6
2025-07-13 05:00:00,ST_RESIDENZ,2.5,2.5,13,17
2025-07-13 05:00:00,ST_TALAVERA,2.0,4.0,17,13
2025-07-13 06:00:00,ST_HUBANDLAND,1.2,1.2,14,16
2025-07-13 06:00:00,ST_RESIDENZ,1.5,2.5,22,8
2025-07-13 06:00:00,ST_TALAVERA,3.0,2.0,10,20
2025-07-13 07:00:00,ST_HUBANDLAND,1.2,3.2,21,9
2025-07-13 07:00:00,ST_RESIDENZ,4.5,1.5,12,18
2025-07-13 07:00:00,ST_TALAVERA,5.0,5.0,9,21
2025-07-13 08:00:00,ST_HUBANDLAND,0.0,1.0,12,18
2025-07-13 08:00:00,ST_RESIDENZ,4.0,4.0,16,14
2025-07-13 08:00:00,ST_TALAVERA,2.0,2.0,21,9
2025-07-13 09:00:00,ST_HUBANDLAND,3.6,3.6,18,12
2025-07-13 09:00:00,ST_RESIDENZ,22.0,24.0,24,6
2025-07-13 09:00:00,ST_TALAVERA,14.0,16.0,11,19
2025-07-13 10:00:00,ST_HUBANDLAND,5.6,3.6,12,18
2025-07-13 10:00:00,ST_RESIDENZ,23.0,22.0,6,24
2025-07-13 10:00:00,ST_TALAVERA,15.0,12.0,10,20
2025-07-13 11:00:00,ST_HUBANDLAND,3.6,3.6,9,21
2025-07-13 11:00:00,ST_RESIDENZ,23.0,22.0,14,16
2025-07-13 11:00:00,ST_TALAVERA,13.0,15.0,6,24
2025-07-13 12:00:00,ST_HUBANDLAND,3.6,3.6,20,10
2025-07-13 12:00:00,ST_RESIDENZ,23.0,23.0,23,7
2025-07-13 12:00:00,ST_TALAVERA,13.0,15.0,15,15
2025-07-13 13:00:00,ST_HUBANDLAND,3.6,4.6,12,18
2025-07-13 13:00:00,ST_RESIDENZ,22.0,21.0,13,17
2025-07-13 13:00:00,ST_TALAVERA,15.0,12.0,11,19
2025-07-13 14:00:00,ST_HUBANDLAND,2.6,5.6,14,16
2025-07-13 14:00:00,ST_RESIDENZ,21.0,21.0,12,18
2025-07-13 14:00:00,ST_TALAVERA,13.0,14.0,12,18
2025-07-13 15:00:00,ST_HUBANDLAND,5.6,3.6,12,18
2025-07-13 15:00:00,ST_RESIDENZ,24.0,21.0,5,25
2025-07-13 15:00:00,ST_TALAVERA,14.0,15.0,9,21
2025-07-13 16:00:00,ST_HUBANDLAND,5.6,3.6,13,17
2025-07-13 16:00:00,ST_RESIDENZ,22.0,22.0,10,20
2025-07-13 16:00:00,ST_TALAVERA,13.0,13.0,22,8
2025-07-13 17:00:00,ST_HUBANDLAND,4.6,4.6,22,8
2025-07-13 17:00:00,ST_RESIDENZ,23.0,24.0,16,14
2025-07-13 17:00:00,ST_TALAVERA,14.0,15.0,20,10
2025-07-13 18:00:00,ST_HUBANDLAND,0.0,0.0,7,23
2025-07-13 18:00:00,ST_RESIDENZ,4.0,4.0,23,7
2025-07-13 18:00:00,ST_TALAVERA,3.0,2.0,18,12
2025-07-13 19:00:00,ST_HUBANDLAND,5.6,3.6,21,9
2025-07-13 19:00:00,ST_RESIDENZ,24.0,21.0,21,9
2025-07-13 19:00:00,ST_TALAVERA,12.0,13.0,16,14
2025-07-13 20:00:00,ST_HUBANDLAND,3.6,4.6,24,6
2025-07-13 20:00:00,ST_RESIDENZ,24.0,22.0,6,24
2025-07-13 20:00:00,ST_TALAVERA,15.0,13.0,21,9
2025-07-13 21:00:00,ST_HUBANDLAND,1.2,2.2,19,11
2025-07-13 21:00:00,ST_RESIDENZ,2.5,4.5,15,15
2025-07-13 21:00:00,ST_TALAVERA,3.0,1.0,9,21
2025-07-13 22:00:00,ST_HUBANDLAND,1.2,0.2,21,9
2025-07-13 22:00:00,ST_RESIDENZ,2.5,3.5,22,8
2025-07-13 22:00:00,ST_TALAVERA,5.0,5.0,18,12
2025-07-13 23:00:00,ST_HUBANDLAND,0.2,3.2,12,18
2025-07-13 23:00:00,ST_RESIDENZ,4.5,3.5,15,15
2025-07-13 23:00:00,ST_TALAVERA,4.0,1.0,10,20
2025-07-14 00:00:00,ST_HUBANDLAND,2.3,4.3,6,24
2025-07-14 00:00:00,ST_RESIDENZ,4.0,1.0,22,8
2025-07-14 00:00:00,ST_TALAVERA,5.0,5.0,19,11
2025-07-14 01:00:00,ST_HUBANDLAND,1.3,4.3,21,9
2025-07-14 01:00:00,ST_RESIDENZ,3.0,1.0,12,18
2025-07-14 01:00:00,ST_TALAVERA,5.0,1.0,11,19
2025-07-14 02:00:00,ST_HUBANDLAND,4.3,2.3,22,8
2025-07-14 02:00:00,ST_RESIDENZ,4.0,4.0,19,11
2025-07-14 02:00:00,ST_TALAVERA,3.0,5.0,18,12
2025-07-14 03:00:00,ST_HUBANDLAND,2.3,4.3,9,21
2025-07-14 03:00:00,ST_RESIDENZ,2.0,2.0,13,17
2025-07-14 03:00:00,ST_TALAVERA,3.0,4.0,22,8
2025-07-14 04:00:00,ST_HUBANDLAND,2.3,2.3,13,17
2025-07-14 04:00:00,ST_RESIDENZ,1.0,4.0,19,11
2025-07-14 04:00:00,ST_TALAVERA,1.0,2.0,5,25
2025-07-14 05:00:00,ST_HUBANDLAND,3.3,2.3,13,17
2025-07-14 05:00:00,ST_RESIDENZ,3.0,1.0,11,19
2025-07-14 05:00:00,ST_TALAVERA,2.0,5.0,10,20
2025-07-14 06:00:00,ST_HUBANDLAND,4.3,3.3,6,24
2025-07-14 06:00:00,ST_RESIDENZ,3.0,4.0,24,6
2025-07-14 06:00:00,ST_TALAVERA,4.0,4.0,7,23
2025-07-14 07:00:00,ST_HUBANDLAND,2.3,4.3,6,24
2025-07-14 07:00:00,ST_RESIDENZ,4.0,2.0,17,13
2025-07-14 07:00:00,ST_TALAVERA,3.0,3.0,9,21
2025-07-14 08:00:00,ST_HUBANDLAND,16.900000000000002,19.900000000000002,23,7
2025-07-14 08:00:00,ST_RESIDENZ,14.0,16.0,17,13
2025-07-14 08:00:00,ST_TALAVERA,15.0,12.0,16,14
2025-07-14 09:00:00,ST_HUBANDLAND,19.900000000000002,19.900000000000002,7,23
2025-07-14 09:00:00,ST_RESIDENZ,16.0,16.0,5,25
2025-07-14 09:00:00,ST_TALAVERA,16.0,14.0,15,15
2025-07-14 10:00:00,ST_HUBANDLAND,18.900000000000002,17.900000000000002,21,9
2025-07-14 10:00:00,ST_RESIDENZ,15.0,16.0,24,6
2025-07-14 10:00:00,ST_TALAVERA,13.0,15.0,17,13
2025-07-14 11:00:00,ST_HUBANDLAND,19.900000000000002,17.900000000000002,18,12
2025-07-14 11:00:00,ST_RESIDENZ,17.0,16.0,8,22
2025-07-14 11:00:00,ST_TALAVERA,12.0,14.0,20,10
2025-07-14 12:00:00,ST_HUBANDLAND,16.900000000000002,19.900000000000002,18,12
2025-07-14 12:00:00,ST_RESIDENZ,15.0,14.0,8,22
2025-07-14 12:00:00,ST_TALAVERA,15.0,14.0,22,8
2025-07-14 13:00:00,ST_HUBANDLAND,18.900000000000002,17.900000000000002,18,12
2025-07-14 13:00:00,ST_RESIDENZ,17.0,14.0,8,22
2025-07-14 13:00:00,ST_TALAVERA,13.0,15.0,21,9
2025-07-14 14:00:00,ST_HUBANDLAND,16.900000000000002,17.900000000000002,10,20
2025-07-14 14:00:00,ST_RESIDENZ,16.0,15.0,17,13
2025-07-14 14:00:00,ST_TALAVERA,12.0,13.0,21,9
2025-07-14 15:00:00,ST_HUBANDLAND,19.900000000000002,16.900000000000002,7,23
2025-07-14 15:00:00,ST_RESIDENZ,17.0,15.0,6,24
2025-07-14 15:00:00,ST_TALAVERA,15.0,16.0,15,15
2025-07-14 16:00:00,ST_HUBANDLAND,18.900000000000002,16.900000000000002,5,25
2025-07-14 16:00:00,ST_RESIDENZ,14.0,15.0,19,11
2025-07-14 16:00:00,ST_TALAVERA,13.0,12.0,24,6
2025-07-14 17:00:00,ST_HUBANDLAND,16.900000000000002,19.900000000000002,20,10
2025-07-14 17:00:00,ST_RESIDENZ,15.0,15.0,8,22
2025-07-14 17:00:00,ST_TALAVERA,14.0,16.0,14,16
2025-07-14 18:00:00,ST_HUBANDLAND,19.900000000000002,19.900000000000002,8,22
2025-07-14 18:00:00,ST_RESIDENZ,14.0,17.0,10,20
2025-07-14 18:00:00,ST_TALAVERA,15.0,12.0,20,10
2025-07-14 19:00:00,ST_HUBANDLAND,16.900000000000002,16.900000000000002,5,25
2025-07-14 19:00:00,ST_RESIDENZ,15.0,15.0,7,23
2025-07-14 19:00:00,ST_TALAVERA,13.0,16.0,6,24
2025-07-14 20:00:00,ST_HUBANDLAND,17.900000000000002,17.900000000000002,21,9
2025-07-14 20:00:00,ST_RESIDENZ,15.0,16.0,11,19
2025-07-14 20:00:00,ST_TALAVERA,12.0,14.0,21,9
2025-07-14 21:00:00,ST_HUBANDLAND,4.3,2.3,22,8
2025-07-14 21:00:00,ST_RESIDENZ,4.0,3.0,10,20
2025-07-14 21:00:00,ST_TALAVERA,2.0,2.0,24,6
2025-07-14 22:00:00,ST_HUBANDLAND,3.3,3.3,12,18
2025-07-14 22:00:00,ST_RESIDENZ,3.0,3.0,7,23
2025-07-14 22:00:00,ST_TALAVERA,3.0,3.0,14,16
2025-07-14 23:00:00,ST_HUBANDLAND,3.3,4.3,6,24
2025-07-14 23:00:00,ST_RESIDENZ,3.0,4.0,8,22
2025-07-14 23:00:00,ST_TALAVERA,4.0,2.0,17,13
2025-07-15 00:00:00,ST_HUBANDLAND,2.3,4.3,22,8
2025-07-15 00:00:00,ST_RESIDENZ,1.0,2.0,14,16
2025-07-15 00:00:00,ST_TALAVERA,4.0,4.0,16,14
2025-07-15 01:00:00,ST_HUBANDLAND,1.3,4.3,20,10
2025-07-15 01:00:00,ST_RESIDENZ,4.0,3.0,13,17
2025-07-15 01:00:00,ST_TALAVERA,4.0,1.0,19,11
2025-07-15 02:00:00,ST_HUBANDLAND,0.0,0.0,14,16
2025-07-15 02:00:00,ST_RESIDENZ,0.0,0.0,10,20
2025-07-15 02:00:00,ST_TALAVERA,0.0,0.0,11,19
2025-07-15 03:00:00,ST_HUBANDLAND,3.3,3.3,12,18
2025-07-15 03:00:00,ST_RESIDENZ,2.0,3.0,24,6
2025-07-15 03:00:00,ST_TALAVERA,1.0,4.0,17,13
2025-07-15 04:00:00,ST_HUBANDLAND,1.3,2.3,16,14
2025-07-15 04:00:00,ST_RESIDENZ,2.0,3.0,15,15
2025-07-15 04:00:00,ST_TALAVERA,4.0,5.0,16,14
2025-07-15 05:00:00,ST_HUBANDLAND,4.3,1.3,20,10
2025-07-15 05:00:00,ST_RESIDENZ,4.0,1.0,11,19
2025-07-15 05:00:00,ST_TALAVERA,1.0,4.0,16,14
2025-07-15 06:00:00,ST_HUBANDLAND,4.3,1.3,16,14
2025-07-15 06:00:00,ST_RESIDENZ,1.0,2.0,22,8
2025-07-15 06:00:00,ST_TALAVERA,2.0,4.0,6,24
2025-07-15 07:00:00,ST_HUBANDLAND,3.3,1.3,15,15
2025-07-15 07:00:00,ST_RESIDENZ,4.0,2.0,8,22
2025-07-15 07:00:00,ST_TALAVERA,1.0,2.0,9,21
2025-07-15 08:00:00,ST_HUBANDLAND,19.900000000000002,17.900000000000002,24,6
2025-07-15 08:00:00,ST_RESIDENZ,14.0,17.0,9,21
2025-07-15 08:00:00,ST_TALAVERA,12.0,15.0,6,24
2025-07-15 09:00:00,ST_HUBANDLAND,18.900000000000002,16.900000000000002,23,7
2025-07-15 09:00:00,ST_RESIDENZ,17.0,14.0,8,22
2025-07-15 09:00:00,ST_TALAVERA,15.0,12.0,24,6
2025-07-15 10:00:00,ST_HUBANDLAND,16.900000000000002,18.900000000000002,5,25
2025-07-15 10:00:00,ST_RESIDENZ,15.0,17.0,8,22
2025-07-15 10:00:00,ST_TALAVERA,16.0,14.0,17,13
2025-07-15 11:00:00,ST_HUBANDLAND,16.900000000000002,18.900000000000002,7,23
2025-07-15 11:00:00,ST_RESIDENZ,17.0,16.0,17,13
2025-07-15 11:00:00,ST_TALAVERA,16.0,13.0,7,23
2025-07-15 12:00:00,ST_HUBANDLAND,16.900000000000002,19.900000000000002,16,14
2025-07-15 12:00:00,ST_RESIDENZ,16.0,17.0,20,10
2025-07-15 12:00:00,ST_TALAVERA,14.0,13.0,15,15
2025-07-15 13:00:00,ST_HUBANDLAND,17.900000000000002,16.900000000000002,13,17
2025-07-15 13:00:00,ST_RESIDENZ,16.0,16.0,18,12
2025-07-15 13:00:00,ST_TALAVERA,14.0,16.0,20,10
2025-07-15 14:00:00,ST_HUBANDLAND,18.900000000000002,18.900000000000002,9,21
2025-07-15 14:00:00,ST_RESIDENZ,17.0,16.0,15,15
2025-07-15 14:00:00,ST_TALAVERA,16.0,14.0,5,25
2025-07-15 15:00:00,ST_HUBANDLAND,19.900000000000002,19.900000000000002,5,25
2025-07-15 15:00:00,ST_RESIDENZ,14.0,15.0,6,24
2025-07-15 15:00:00,ST_TALAVERA,13.0,13.0,23,7
2025-07-15 16:00:00,ST_HUBANDLAND,16.900000000000002,16.900000000000002,14,16
2025-07-15 16:00:00,ST_RESIDENZ,14.0,15.0,18,12
2025-07-15 16:00:00,ST_TALAVERA,15.0,15.0,15,15
2025-07-15 17:00:00,ST_HUBANDLAND,17.900000000000002,16.900000000000002,21,9
2025-07-15 17:00:00,ST_RESIDENZ,15.0,15.0,11,19
2025-07-15 17:00:00,ST_TALAVERA,15.0,13.0,13,17
2025-07-15 18:00:00,ST_HUBANDLAND,19.900000000000002,18.900000000000002,8,22
2025-07-15 18:00:00,ST_RESIDENZ,15.0,15.0,15,15
2025-07-15 18:00:00,ST_TALAVERA,13.0,13.0,18,12
2025-07-15 19:00:00,ST_HUBANDLAND,19.900000000000002,19.900000000000002,19,11
2025-07-15 19:00:00,ST_RESIDENZ,14.0,15.0,8,22
2025-07-15 19:00:00,ST_TALAVERA,13.0,13.0,13,17
2025-07-15 20:00:00,ST_HUBANDLAND,19.900000000000002,19.900000000000002,23,7
2025-07-15 20:00:00,ST_RESIDENZ,17.0,14.0,11,19
2025-07-15 20:00:00,ST_TALAVERA,16.0,16.0,11,19
2025-07-15 21:00:00,ST_HUBANDLAND,1.3,3.3,12,18
2025-07-15 21:00:00,ST_RESIDENZ,2.0,2.0,20,10
2025-07-15 21:00:00,ST_TALAVERA,3.0,2.0,20,10
2025-07-15 22:00:00,ST_HUBANDLAND,4.3,3.3,19,11
2025-07-15 22:00:00,ST_RESIDENZ,1.0,4.0,10,20
2025-07-15 22:00:00,ST_TALAVERA,2.0,2.0,7,23
2025-07-15 23:00:00,ST_HUBANDLAND,3.3,3.3,11,19
2025-07-15 23:00:00,ST_RESIDENZ,1.0,3.0,10,20
2025-07-15 23:00:00,ST_TALAVERA,3.0,5.0,23,7
2025-07-16 00:00:00,ST_HUBANDLAND,2.3,1.3,19,11
2025-07-16 00:00:00,ST_RESIDENZ,4.0,2.0,6,24
2025-07-16 00:00:00,ST_TALAVERA,1.0,3.0,8,22
2025-07-16 01:00:00,ST_HUBANDLAND,4.3,3.3,12,18
2025-07-16 01:00:00,ST_RESIDENZ,3.0,1.0,12,18
2025-07-16 01:00:00,ST_TALAVERA,4.0,1.0,11,19
2025-07-16 02:00:00,ST_HUBANDLAND,4.3,3.3,14,16
2025-07-16 02:00:00,ST_RESIDENZ,1.0,4.0,11,19
2025-07-16 02:00:00,ST_TALAVERA,5.0,5.0,16,14
2025-07-16 03:00:00,ST_HUBANDLAND,0.0,0.0,22,8
2025-07-16 03:00:00,ST_RESIDENZ,0.0,0.0,18,12
2025-07-16 03:00:00,ST_TALAVERA,0.0,1.0,22,8
2025-07-16 04:00:00,ST_HUBANDLAND,4.3,3.3,8,22
2025-07-16 04:00:00,ST_RESIDENZ,4.0,3.0,13,17
2025-07-16 04:00:00,ST_TALAVERA,5.0,2.0,9,21
2025-07-16 05:00:00,ST_HUBANDLAND,1.3,3.3,19,11
2025-07-16 05:00:00,ST_RESIDENZ,4.0,4.0,19,11
2025-07-16 05:00:00,ST_TALAVERA,1.0,2.0,14,16
2025-07-16 06:00:00,ST_HUBANDLAND,1.3,1.3,15,15
2025-07-16 06:00:00,ST_RESIDENZ,4.0,4.0,22,8
2025-07-16 06:00:00,ST_TALAVERA,4.0,1.0,16,14
2025-07-16 07:00:00,ST_HUBANDLAND,1.3,4.3,7,23
2025-07-16 07:00:00,ST_RESIDENZ,3.0,4.0,16,14
2025-07-16 07:00:00,ST_TALAVERA,1.0,2.0,12,18
2025-07-16 08:00:00,ST_HUBANDLAND,19.900000000000002,16.900000000000002,19,11
2025-07-16 08:00:00,ST_RESIDENZ,16.0,17.0,23,7
2025-07-16 08:00:00,ST_TALAVERA,16.0,15.0,23,7
2025-07-16 09:00:00,ST_HUBANDLAND,17.900000000000002,17.900000000000002,7,23
2025-07-16 09:00:00,ST_RESIDENZ,15.0,14.0,17,13
2025-07-16 09:00:00,ST_TALAVERA,13.0,13.0,19,11
2025-07-16 10:00:00,ST_HUBANDLAND,17.900000000000002,18.900000000000002,19,11
2025-07-16 10:00:00,ST_RESIDENZ,15.0,16.0,11,19
2025-07-16 10:00:00,ST_TALAVERA,15.0,13.0,5,25
2025-07-16 11:00:00,ST_HUBANDLAND,19.900000000000002,18.900000000000002,10,20
2025-07-16 11:00:00,ST_RESIDENZ,17.0,15.0,14,16
2025-07-16 11:00:00,ST_TALAVERA,12.0,15.0,7,23
2025-07-16 12:00:00,ST_HUBANDLAND,17.900000000000002,18.900000000000002,5,25
2025-07-16 12:00:00,ST_RESIDENZ,15.0,17.0,14,16
2025-07-16 12:00:00,ST_TALAVERA,15.0,12.0,22,8
2025-07-16 13:00:00,ST_HUBANDLAND,17.900000000000002,18.900000000000002,18,12
2025-07-16 13:00:00,ST_RESIDENZ,14.0,14.0,6,24
2025-07-16 13:00:00,ST_TALAVERA,15.0,15.0,22,8
2025-07-16 14:00:00,ST_HUBANDLAND,19.900000000000002,18.900000000000002,20,10
2025-07-16 14:00:00,ST_RESIDENZ,16.0,16.0,18,12
2025-07-16 14:00:00,ST_TALAVERA,15.0,16.0,6,24
2025-07-16 15:00:00,ST_HUBANDLAND,16.900000000000002,18.900000000000002,5,25
2025-07-16 15:00:00,ST_RESIDENZ,17.0,15.0,17,13
2025-07-16 15:00:00,ST_TALAVERA,14.0,15.0,9,21
2025-07-16 16:00:00,ST_HUBANDLAND,19.900000000000002,17.900000000000002,21,9
2025-07-16 16:00:00,ST_RESIDENZ,17.0,16.0,10,20
2025-07-16 16:00:00,ST_TALAVERA,12.0,14.0,5,25
2025-07-16 17:00:00,ST_HUBANDLAND,16.900000000000002,18.900000000000002,12,18
2025-07-16 17:00:00,ST_RESIDENZ,14.0,14.0,13,17
2025-07-16 17:00:00,ST_TALAVERA,12.0,16.0,14,16
2025-07-16 18:00:00,ST_HUBANDLAND,16.900000000000002,18.900000000000002,22,8
2025-07-16 18:00:00,ST_RESIDENZ,14.0,14.0,17,13
2025-07-16 18:00:00,ST_TALAVERA,15.0,13.0,24,6
2025-07-16 19:00:00,ST_HUBANDLAND,17.900000000000002,18.900000000000002,20,10
2025-07-16 19:00:00,ST_RESIDENZ,14.0,14.0,13,17
2025-07-16 19:00:00,ST_TALAVERA,13.0,16.0,14,16
2025-07-16 20:00:00,ST_HUBANDLAND,17.900000000000002,17.900000000000002,10,20
2025-07-16 20:00:00,ST_RESIDENZ,14.0,17.0,17,13
2025-07-16 20:00:00,ST_TALAVERA,15.0,12.0,9,21
2025-07-16 21:00:00,ST_HUBANDLAND,1.3,3.3,14,16
2025-07-16 21:00:00,ST_RESIDENZ,4.0,1.0,9,21
2025-07-16 21:00:00,ST_TALAVERA,3.0,1.0,22,8
2025-07-16 22:00:00,ST_HUBANDLAND,1.3,2.3,14,16
2025-07-16 22:00:00,ST_RESIDENZ,3.0,2.0,18,12
2025-07-16 22:00:00,ST_TALAVERA,5.0,4.0,19,11
2025-07-16 23:00:00,ST_HUBANDLAND,2.3,1.3,9,21
2025-07-16 23:00:00,ST_RESIDENZ,3.0,4.0,9,21
2025-07-16 23:00:00,ST_TALAVERA,3.0,5.0,24,6
2025-07-17 00:00:00,ST_HUBANDLAND,3.3,3.3,16,14
2025-07-17 00:00:00,ST_RESIDENZ,1.0,3.0,13,17
2025-07-17 00:00:00,ST_TALAVERA,2.0,2.0,12,18
2025-07-17 01:00:00,ST_HUBANDLAND,1.3,4.3,24,6
2025-07-17 01:00:00,ST_RESIDENZ,2.0,2.0,12,18
2025-07-17 01:00:00,ST_TALAVERA,4.0,1.0,21,9
2025-07-17 02:00:00,ST_HUBANDLAND,1.3,2.3,21,9
2025-07-17 02:00:00,ST_RESIDENZ,4.0,4.0,11,19
2025-07-17 02:00:00,ST_TALAVERA,1.0,2.0,16,14
2025-07-17 03:00:00,ST_HUBANDLAND,1.3,1.3,18,12
2025-07-17 03:00:00,ST_RESIDENZ,3.0,1.0,12,18
2025-07-17 03:00:00,ST_TALAVERA,4.0,3.0,16,14
2025-07-17 04:00:00,ST_HUBANDLAND,2.3,2.3,18,12
2025-07-17 04:00:00,ST_RESIDENZ,1.0,3.0,7,23
2025-07-17 04:00:00,ST_TALAVERA,2.0,1.0,5,25
2025-07-17 05:00:00,ST_HUBANDLAND,4.3,2.3,7,23
2025-07-17 05:00:00,ST_RESIDENZ,2.0,1.0,19,11
2025-07-17 05:00:00,ST_TALAVERA,1.0,4.0,8,22
2025-07-17 06:00:00,ST_HUBANDLAND,1.3,1.3,16,14
2025-07-17 06:00:00,ST_RESIDENZ,2.0,2.0,12,18
2025-07-17 06:00:00,ST_TALAVERA,3.0,3.0,12,18
2025-07-17 07:00:00,ST_HUBANDLAND,1.3,3.3,24,6
2025-07-17 07:00:00,ST_RESIDENZ,1.0,2.0,5,25
2025-07-17 07:00:00,ST_TALAVERA,5.0,5.0,5,25
2025-07-17 08:00:00,ST_HUBANDLAND,16.900000000000002,18.900000000000002,22,8
2025-07-17 08:00:00,ST_RESIDENZ,17.0,17.0,11,19
2025-07-17 08:00:00,ST_TALAVERA,16.0,13.0,19,11
2025-07-17 09:00:00,ST_HUBANDLAND,19.900000000000002,17.900000000000002,16,14
2025-07-17 09:00:00,ST_RESIDENZ,16.0,15.0,23,7
2025-07-17 09:00:00,ST_TALAVERA,15.0,12.0,22,8
2025-07-17 10:00:00,ST_HUBANDLAND,19.900000000000002,16.900000000000002,6,24
2025-07-17 10:00:00,ST_RESIDENZ,15.0,16.0,6,24
2025-07-17 10:00:00,ST_TALAVERA,14.0,14.0,5,25
2025-07-17 11:00:00,ST_HUBANDLAND,16.900000000000002,18.900000000000002,6,24
2025-07-17 11:00:00,ST_RESIDENZ,16.0,17.0,18,12
2025-07-17 11:00:00,ST_TALAVERA,13.0,14.0,15,15
2025-07-17 12:00:00,ST_HUBANDLAND,16.900000000000002,17.900000000000002,21,9
2025-07-17 12:00:00,ST_RESIDENZ,16.0,16.0,22,8
2025-07-17 12:00:00,ST_TALAVERA,16.0,12.0,6,24
2025-07-17 13:00:00,ST_HUBANDLAND,18.900000000000002,19.900000000000002,14,16
2025-07-17 13:00:00,ST_RESIDENZ,15.0,14.0,19,11
2025-07-17 13:00:00,ST_TALAVERA,14.0,16.0,5,25
2025-07-17 14:00:00,ST_HUBANDLAND,19.900000000000002,16.900000000000002,22,8
2025-07-17 14:00:00,ST_RESIDENZ,14.0,16.0,18,12
2025-07-17 14:00:00,ST_TALAVERA,15.0,16.0,16,14
2025-07-17 15:00:00,ST_HUBANDLAND,18.900000000000002,19.900000000000002,23,7
2025-07-17 15:00:00,ST_RESIDENZ,15.0,16.0,23,7
2025-07-17 15:00:00,ST_TALAVERA,12.0,15.0,20,10
2025-07-17 16:00:00,ST_HUBANDLAND,16.900000000000002,19.900000000000002,5,25
2025-07-17 16:00:00,ST_RESIDENZ,15.0,15.0,23,7
2025-07-17 16:00:00,ST_TALAVERA,15.0,16.0,14,16
2025-07-17 17:00:00,ST_HUBANDLAND,16.900000000000002,17.900000000000002,8,22
2025-07-17 17:00:00,ST_RESIDENZ,17.0,14.0,21,9
2025-07-17 17:00:00,ST_TALAVERA,15.0,15.0,22,8
2025-07-17 18:00:00,ST_HUBANDLAND,16.900000000000002,16.900000000000002,8,22
2025-07-17 18:00:00,ST_RESIDENZ,16.0,15.0,23,7
2025-07-17 18:00:00,ST_TALAVERA,14.0,14.0,19,11
2025-07-17 19:00:00,ST_HUBANDLAND,16.900000000000002,18.900000000000002,6,24
2025-07-17 19:00:00,ST_RESIDENZ,14.0,14.0,20,10
2025-07-17 19:00:00,ST_TALAVERA,16.0,12.0,21,9
2025-07-17 20:00:00,ST_HUBANDLAND,17.900000000000002,18.900000000000002,23,7
2025-07-17 20:00:00,ST_RESIDENZ,16.0,14.0,24,6
2025-07-17 20:00:00,ST_TALAVERA,14.0,16.0,14,16
2025-07-17 21:00:00,ST_HUBANDLAND,2.3,2.3,16,14
2025-07-17 21:00:00,ST_RESIDENZ,2.0,3.0,23,7
2025-07-17 21:00:00,ST_TALAVERA,1.0,4.0,7,23
2025-07-17 22:00:00,ST_HUBANDLAND,2.3,3.3,14,16
2025-07-17 22:00:00,ST_RESIDENZ,1.0,2.0,5,25
2025-07-17 22:00:00,ST_TALAVERA,3.0,3.0,20,10
2025-07-17 23:00:00,ST_HUBANDLAND,3.3,3.3,17,13
2025-07-17 23:00:00,ST_RESIDENZ,1.0,3.0,23,7
2025-07-17 23:00:00,ST_TALAVERA,2.0,5.0,10,20
2025-07-18 00:00:00,ST_HUBANDLAND,0.0,0.0,24,6
2025-07-18 00:00:00,ST_RESIDENZ,0.0,0.0,11,19
2025-07-18 00:00:00,ST_TALAVERA,0.0,0.0,7,23
2025-07-18 01:00:00,ST_HUBANDLAND,1.3,4.3,19,11
2025-07-18 01:00:00,ST_RESIDENZ,1.0,3.0,15,15
2025-07-18 01:00:00,ST_TALAVERA,5.0,3.0,13,17
2025-07-18 02:00:00,ST_HUBANDLAND,4.3,1.3,7,23
2025-07-18 02:00:00,ST_RESIDENZ,4.0,1.0,9,21
2025-07-18 02:00:00,ST_TALAVERA,1.0,5.0,15,15
2025-07-18 03:00:00,ST_HUBANDLAND,2.3,4.3,24,6
2025-07-18 03:00:00,ST_RESIDENZ,1.0,2.0,21,9
2025-07-18 03:00:00,ST_TALAVERA,4.0,3.0,17,13
2025-07-18 04:00:00,ST_HUBANDLAND,1.3,3.3,17,13
2025-07-18 04:00:00,ST_RESIDENZ,2.0,2.0,15,15
2025-07-18 04:00:00,ST_TALAVERA,3.0,1.0,22,8
2025-07-18 05:00:00,ST_HUBANDLAND,1.3,1.3,12,18
2025-07-18 05:00:00,ST_RESIDENZ,4.0,3.0,12,18
2025-07-18 05:00:00,ST_TALAVERA,2.0,1.0,8,22
2025-07-18 06:00:00,ST_HUBANDLAND,3.3,1.3,11,19
2025-07-18 06:00:00,ST_RESIDENZ,2.0,1.0,14,16
2025-07-18 06:00:00,ST_TALAVERA,3.0,1.0,12,18
2025-07-18 07:00:00,ST_HUBANDLAND,4.3,2.3,12,18
2025-07-18 07:00:00,ST_RESIDENZ,2.0,2.0,16,14
2025-07-18 07:00:00,ST_TALAVERA,4.0,2.0,17,13
2025-07-18 08:00:00,ST_HUBANDLAND,18.900000000000002,19.900000000000002,22,8
2025-07-18 08:00:00,ST_RESIDENZ,16.0,17.0,14,16
2025-07-18 08:00:00,ST_TALAVERA,12.0,12.0,14,16
2025-07-18 09:00:00,ST_HUBANDLAND,17.900000000000002,16.900000000000002,13,17
2025-07-18 09:00:00,ST_RESIDENZ,14.0,15.0,17,13
2025-07-18 09:00:00,ST_TALAVERA,16.0,13.0,6,24
2025-07-18 10:00:00,ST_HUBANDLAND,19.900000000000002,18.900000000000002,10,20
2025-07-18 10:00:00,ST_RESIDENZ,14.0,16.0,22,8
2025-07-18 10:00:00,ST_TALAVERA,15.0,12.0,12,18
2025-07-18 11:00:00,ST_HUBANDLAND,17.900000000000002,16.900000000000002,8,22
2025-07-18 11:00:00,ST_RESIDENZ,15.0,17.0,14,16
2025-07-18 11:00:00,ST_TALAVERA,12.0,14.0,10,20
2025-07-18 12:00:00,ST_HUBANDLAND,18.900000000000002,16.900000000000002,19,11
2025-07-18 12:00:00,ST_RESIDENZ,14.0,14.0,23,7
2025-07-18 12:00:00,ST_TALAVERA,15.0,16.0,20,10
2025-07-18 13:00:00,ST_HUBANDLAND,18.900000000000002,17.900000000000002,9,21
2025-07-18 13:00:00,ST_RESIDENZ,17.0,17.0,24,6
2025-07-18 13:00:00,ST_TALAVERA,13.0,16.0,22,8
2025-07-18 14:00:00,ST_HUBANDLAND,16.900000000000002,18.900000000000002,9,21
2025-07-18 14:00:00,ST_RESIDENZ,16.0,17.0,21,9
2025-07-18 14:00:00,ST_TALAVERA,14.0,12.0,21,9
2025-07-18 15:00:00,ST_HUBANDLAND,19.900000000000002,18.900000000000002,11,19
2025-07-18 15:00:00,ST_RESIDENZ,14.0,16.0,24,6
2025-07-18 15:00:00,ST_TALAVERA,16.0,16.0,10,20
2025-07-18 16:00:00,ST_HUBANDLAND,19.900000000000002,19.900000000000002,13,17
2025-07-18 16:00:00,ST_RESIDENZ,14.0,15.0,20,10
2025-07-18 16:00:00,ST_TALAVERA,12.0,12.0,17,13
2025-07-18 17:00:00,ST_HUBANDLAND,16.900000000000002,18.900000000000002,11,19
2025-07-18 17:00:00,ST_RESIDENZ,17.0,14.0,9,21
2025-07-18 17:00:00,ST_TALAVERA,16.0,12.0,18,12
2025-07-18 18:00:00,ST_HUBANDLAND,19.900000000000002,16.900000000000002,13,17
2025-07-18 18:00:00,ST_RESIDENZ,16.0,17.0,7,23
2025-07-18 18:00:00,ST_TALAVERA,16.0,15.0,14,16
2025-07-18 19:00:00,ST_HUBANDLAND,17.900000000000002,18.900000000000002,24,6
2025-07-18 19:00:00,ST_RESIDENZ,17.0,16.0,19,11
2025-07-18 19:00:00,ST_TALAVERA,16.0,15.0,15,15
2025-07-18 20:00:00,ST_HUBANDLAND,17.900000000000002,18.900000000000002,14,16
2025-07-18 20:00:00,ST_RESIDENZ,15.0,15.0,6,24
2025-07-18 20:00:00,ST_TALAVERA,12.0,15.0,17,13
2025-07-18 21:00:00,ST_HUBANDLAND,3.3,1.3,8,22
2025-07-18 21:00:00,ST_RESIDENZ,2.0,4.0,17,13
2025-07-18 21:00:00,ST_TALAVERA,1.0,2.0,16,14
2025-07-18 22:00:00,ST_HUBANDLAND,2.3,2.3,10,20
2025-07-18 22:00:00,ST_RESIDENZ,1.0,3.0,12,18
2025-07-18 22:00:00,ST_TALAVERA,5.0,4.0,13,17
2025-07-18 23:00:00,ST_HUBANDLAND,4.3,4.3,18,12
2025-07-18 23:00:00,ST_RESIDENZ,3.0,3.0,21,9
2025-07-18 23:00:00,ST_TALAVERA,3.0,1.0,8,22
2025-07-19 00:00:00,ST_HUBANDLAND,0.2,3.2,13,17
2025-07-19 00:00:00,ST_RESIDENZ,2.5,3.5,8,22
2025-07-19 00:00:00,ST_TALAVERA,4.0,3.0,11,19
2025-07-19 01:00:00,ST_HUBANDLAND,0.0,0.0,5,25
2025-07-19 01:00:00,ST_RESIDENZ,0.0,0.0,23,7
2025-07-19 01:00:00,ST_TALAVERA,1.0,0.0,6,24
2025-07-19 02:00:00,ST_HUBANDLAND,0.2,0.2,21,9
2025-07-19 02:00:00,ST_RESIDENZ,2.5,2.5,13,17
2025-07-19 02:00:00,ST_TALAVERA,2.0,4.0,11,19
2025-07-19 03:00:00,ST_HUBANDLAND,2.2,3.2,17,13
2025-07-19 03:00:00,ST_RESIDENZ,2.5,4.5,19,11
2025-07-19 03:00:00,ST_TALAVERA,5.0,3.0,13,17
2025-07-19 04:00:00,ST_HUBANDLAND,2.2,1.2,11,19
2025-07-19 04:00:00,ST_RESIDENZ,4.5,2.5,13,17
2025-07-19 04:00:00,ST_TALAVERA,1.0,1.0,9,21
2025-07-19 05:00:00,ST_HUBANDLAND,0.2,1.2,13,17
2025-07-19 05:00:00,ST_RESIDENZ,1.5,2.5,13,17
2025-07-19 05:00:00,ST_TALAVERA,4.0,2.0,19,11
2025-07-19 06:00:00,ST_HUBANDLAND,1.2,1.2,15,15
2025-07-19 06:00:00,ST_RESIDENZ,3.5,4.5,18,12
2025-07-19 06:00:00,ST_TALAVERA,2.0,4.0,22,8
2025-07-19 07:00:00,ST_HUBANDLAND,1.2,3.2,7,23
2025-07-19 07:00:00,ST_RESIDENZ,1.5,2.5,20,10
2025-07-19 07:00:00,ST_TALAVERA,4.0,3.0,8,22
2025-07-19 08:00:00,ST_HUBANDLAND,3.6,5.6,16,14
2025-07-19 08:00:00,ST_RESIDENZ,24.0,21.0,21,9
2025-07-19 08:00:00,ST_TALAVERA,15.0,12.0,23,7
2025-07-19 09:00:00,ST_HUBANDLAND,3.6,5.6,7,23
2025-07-19 09:00:00,ST_RESIDENZ,22.0,24.0,17,13
2025-07-19 09:00:00,ST_TALAVERA,13.0,16.0,24,6
2025-07-19 10:00:00,ST_HUBANDLAND,2.6,5.6,19,11
2025-07-19 10:00:00,ST_RESIDENZ,23.0,24.0,13,17
2025-07-19 10:00:00,ST_TALAVERA,16.0,13.0,11,19
2025-07-19 11:00:00,ST_HUBANDLAND,5.6,4.6,14,16
2025-07-19 11:00:00,ST_RESIDENZ,21.0,23.0,19,11
2025-07-19 11:00:00,ST_TALAVERA,16.0,14.0,12,18
2025-07-19 12:00:00,ST_HUBANDLAND,4.6,3.6,5,25
2025-07-19 12:00:00,ST_RESIDENZ,24.0,22.0,11,19
2025-07-19 12:00:00,ST_TALAVERA,16.0,14.0,21,9
2025-07-19 13:00:00,ST_HUBANDLAND,2.6,4.6,18,12
2025-07-19 13:00:00,ST_RESIDENZ,22.0,24.0,5,25
2025-07-19 13:00:00,ST_TALAVERA,14.0,14.0,17,13
2025-07-19 14:00:00,ST_HUBANDLAND,3.6,3.6,24,6
2025-07-19 14:00:00,ST_RESIDENZ,22.0,24.0,5,25
2025-07-19 14:00:00,ST_TALAVERA,16.0,15.0,15,15
2025-07-19 15:00:00,ST_HUBANDLAND,3.6,5.6,10,20
2025-07-19 15:00:00,ST_RESIDENZ,21.0,21.0,9,21
2025-07-19 15:00:00,ST_TALAVERA,13.0,16.0,5,25
2025-07-19 16:00:00,ST_HUBANDLAND,2.6,5.6,6,24
2025-07-19 16:00:00,ST_RESIDENZ,24.0,23.0,13,17
2025-07-19 16:00:00,ST_TALAVERA,14.0,13.0,6,24
2025-07-19 17:00:00,ST_HUBANDLAND,4.6,4.6,12,18
2025-07-19 17:00:00,ST_RESIDENZ,22.0,24.0,16,14
2025-07-19 17:00:00,ST_TALAVERA,16.0,12.0,21,9
2025-07-19 18:00:00,ST_HUBANDLAND,2.6,2.6,5,25
2025-07-19 18:00:00,ST_RESIDENZ,22.0,21.0,10,20
2025-07-19 18:00:00,ST_TALAVERA,14.0,12.0,9,21
2025-07-19 19:00:00,ST_HUBANDLAND,2.6,5.6,8,22
2025-07-19 19:00:00,ST_RESIDENZ,23.0,24.0,17,13
2025-07-19 19:00:00,ST_TALAVERA,13.0,16.0,10,20
2025-07-19 20:00:00,ST_HUBANDLAND,5.6,2.6,8,22
2025-07-19 20:00:00,ST_RESIDENZ,22.0,24.0,12,18
2025-07-19 20:00:00,ST_TALAVERA,16.0,14.0,11,19
2025-07-19 21:00:00,ST_HUBANDLAND,0.2,1.2,9,21
2025-07-19 21:00:00,ST_RESIDENZ,1.5,4.5,19,11
2025-07-19 21:00:00,ST_TALAVERA,1.0,3.0,19,11
2025-07-19 22:00:00,ST_HUBANDLAND,3.2,2.2,24,6
2025-07-19 22:00:00,ST_RESIDENZ,4.5,1.5,10,20
2025-07-19 22:00:00,ST_TALAVERA,2.0,3.0,23,7
2025-07-19 23:00:00,ST_HUBANDLAND,2.2,0.2,13,17
2025-07-19 23:00:00,ST_RESIDENZ,4.5,2.5,10,20
2025-07-19 23:00:00,ST_TALAVERA,4.0,3.0,20,10
2025-07-20 00:00:00,ST_HUBANDLAND,0.2,0.2,17,13
2025-07-20 00:00:00,ST_RESIDENZ,3.5,4.5,8,22
2025-07-20 00:00:00,ST_TALAVERA,4.0,3.0,17,13
2025-07-20 01:00:00,ST_HUBANDLAND,0.2,3.2,22,8
2025-07-20 01:00:00,ST_RESIDENZ,4.5,4.5,15,15
2025-07-20 01:00:00,ST_TALAVERA,2.0,5.0,9,21
2025-07-20 02:00:00,ST_HUBANDLAND,1.2,0.2,21,9
2025-07-20 02:00:00,ST_RESIDENZ,1.5,2.5,22,8
2025-07-20 02:00:00,ST_TALAVERA,4.0,4.0,7,23
2025-07-20 03:00:00,ST_HUBANDLAND,0.2,0.2,5,25
2025-07-20 03:00:00,ST_RESIDENZ,2.5,4.5,7,23
2025-07-20 03:00:00,ST_TALAVERA,2.0,2.0,7,23
2025-07-20 04:00:00,ST_HUBANDLAND,0.0,0.0,19,11
2025-07-20 04:00:00,ST_RESIDENZ,0.0,0.0,7,23
2025-07-20 04:00:00,ST_TALAVERA,0.0,0.0,23,7
2025-07-20 05:00:00,ST_HUBANDLAND,1.2,2.2,6,24
2025-07-20 05:00:00,ST_RESIDENZ,4.5,4.5,16,14
2025-07-20 05:00:00,ST_TALAVERA,2.0,4.0,18,12
2025-07-20 06:00:00,ST_HUBANDLAND,1.2,3.2,20,10
2025-07-20 06:00:00,ST_RESIDENZ,3.5,3.5,10,20
2025-07-20 06:00:00,ST_TALAVERA,5.0,1.0,20,10
2025-07-20 07:00:00,ST_HUBANDLAND,2.2,3.2,24,6
2025-07-20 07:00:00,ST_RESIDENZ,3.5,2.5,10,20
2025-07-20 07:00:00,ST_TALAVERA,5.0,5.0,21,9
2025-07-20 08:00:00,ST_HUBANDLAND,5.6,2.6,9,21
2025-07-20 08:00:00,ST_RESIDENZ,24.0,21.0,12,18
2025-07-20 08:00:00,ST_TALAVERA,14.0,15.0,8,22
2025-07-20 09:00:00,ST_HUBANDLAND,3.6,3.6,23,7
2025-07-20 09:00:00,ST_RESIDENZ,23.0,22.0,19,11
2025-07-20 09:00:00,ST_TALAVERA,15.0,14.0,17,13
2025-07-20 10:00:00,ST_HUBANDLAND,2.6,2.6,9,21
2025-07-20 10:00:00,ST_RESIDENZ,24.0,24.0,22,8
2025-07-20 10:00:00,ST_TALAVERA,15.0,14.0,12,18
2025-07-20 11:00:00,ST_HUBANDLAND,2.6,2.6,6,24
2025-07-20 11:00:00,ST_RESIDENZ,21.0,23.0,24,6
2025-07-20 11:00:00,ST_TALAVERA,13.0,14.0,23,7
2025-07-20 12:00:00,ST_HUBANDLAND,3.6,5.6,11,19
2025-07-20 12:00:00,ST_RESIDENZ,24.0,21.0,20,10
2025-07-20 12:00:00,ST_TALAVERA,15.0,15.0,9,21
2025-07-20 13:00:00,ST_HUBANDLAND,3.6,2.6,7,23
2025-07-20 13:00:00,ST_RESIDENZ,22.0,24.0,10,20
2025-07-20 13:00:00,ST_TALAVERA,16.0,14.0,6,24
2025-07-20 14:00:00,ST_HUBANDLAND,2.6,2.6,21,9
2025-07-20 14:00:00,ST_RESIDENZ,24.0,21.0,21,9
2025-07-20 14:00:00,ST_TALAVERA,12.0,15.0,19,11
2025-07-20 15:00:00,ST_HUBANDLAND,3.6,3.6,7,23
2025-07-20 15:00:00,ST_RESIDENZ,22.0,21.0,13,17
2025-07-20 15:00:00,ST_TALAVERA,13.0,14.0,6,24
2025-07-20 16:00:00,ST_HUBANDLAND,5.6,5.6,17,13
2025-07-20 16:00:00,ST_RESIDENZ,23.0,24.0,23,7
2025-07-20 16:00:00,ST_TALAVERA,15.0,12.0,15,15
2025-07-20 17:00:00,ST_HUBANDLAND,5.6,4.6,11,19
2025-07-20 17:00:00,ST_RESIDENZ,24.0,22.0,22,8
2025-07-20 17:00:00,ST_TALAVERA,16.0,12.0,17,13
2025-07-20 18:00:00,ST_HUBANDLAND,4.6,3.6,7,23
2025-07-20 18:00:00,ST_RESIDENZ,22.0,24.0,9,21
2025-07-20 18:00:00,ST_TALAVERA,14.0,13.0,14,16
2025-07-20 19:00:00,ST_HUBANDLAND,3.6,3.6,19,11
2025-07-20 19:00:00,ST_RESIDENZ,24.0,24.0,10,20
2025-07-20 19:00:00,ST_TALAVERA,15.0,14.0,7,23
2025-07-20 20:00:00,ST_HUBANDLAND,4.6,3.6,22,8
2025-07-20 20:00:00,ST_RESIDENZ,24.0,22.0,16,14
2025-07-20 20:00:00,ST_TALAVERA,12.0,14.0,9,21
2025-07-20 21:00:00,ST_HUBANDLAND,2.2,3.2,14,16
2025-07-20 21:00:00,ST_RESIDENZ,4.5,3.5,15,15
2025-07-20 21:00:00,ST_TALAVERA,1.0,4.0,7,23
2025-07-20 22:00:00,ST_HUBANDLAND,2.2,0.2,11,19
2025-07-20 22:00:00,ST_RESIDENZ,1.5,4.5,20,10
2025-07-20 22:00:00,ST_TALAVERA,4.0,4.0,10,20
2025-07-20 23:00:00,ST_HUBANDLAND,0.0,0.0,13,17
2025-07-20 23:00:00,ST_RESIDENZ,0.0,0.0,24,6
2025-07-20 23:00:00,ST_TALAVERA,0.0,0.0,17,13
2025-07-21 00:00:00,ST_HUBANDLAND,3.3,4.3,9,21
2025-07-21 00:00:00,ST_RESIDENZ,1.0,4.0,21,9
2025-07-21 00:00:00,ST_TALAVERA,5.0,2.0,14,16
2025-07-21 01:00:00,ST_HUBANDLAND,4.3,1.3,24,6
2025-07-21 01:00:00,ST_RESIDENZ,1.0,4.0,24,6
2025-07-21 01:00:00,ST_TALAVERA,4.0,3.0,23,7
2025-07-21 02:00:00,ST_HUBANDLAND,3.3,2.3,12,18
2025-07-21 02:00:00,ST_RESIDENZ,2.0,1.0,13,17
2025-07-21 02:00:00,ST_TALAVERA,3.0,4.0,12,18
2025-07-21 03:00:00,ST_HUBANDLAND,4.3,4.3,18,12
2025-07-21 03:00:00,ST_RESIDENZ,4.0,2.0,5,25
2025-07-21 03:00:00,ST_TALAVERA,5.0,3.0,22,8
2025-07-21 04:00:00,ST_HUBANDLAND,0.0,0.0,8,22
2025-07-21 04:00:00,ST_RESIDENZ,0.0,0.0,7,23
2025-07-21 04:00:00,ST_TALAVERA,0.0,0.0,7,23
2025-07-21 05:00:00,ST_HUBANDLAND,2.3,3.3,24,6
2025-07-21 05:00:00,ST_RESIDENZ,1.0,3.0,13,17
2025-07-21 05:00:00,ST_TALAVERA,3.0,3.0,21,9
2025-07-21 06:00:00,ST_HUBANDLAND,0.0,0.0,18,12
2025-07-21 06:00:00,ST_RESIDENZ,0.0,0.0,23,7
2025-07-21 06:00:00,ST_TALAVERA,1.0,1.0,12,18
2025-07-21 07:00:00,ST_HUBANDLAND,2.3,1.3,16,14
2025-07-21 07:00:00,ST_RESIDENZ,4.0,2.0,17,13
2025-07-21 07:00:00,ST_TALAVERA,5.0,4.0,14,16
2025-07-21 08:00:00,ST_HUBANDLAND,19.900000000000002,19.900000000000002,6,24
2025-07-21 08:00:00,ST_RESIDENZ,14.0,17.0,18,12
2025-07-21 08:00:00,ST_TALAVERA,12.0,13.0,6,24
2025-07-21 09:00:00,ST_HUBANDLAND,16.900000000000002,17.900000000000002,17,13
2025-07-21 09:00:00,ST_RESIDENZ,16.0,17.0,24,6
2025-07-21 09:00:00,ST_TALAVERA,16.0,16.0,16,14
2025-07-21 10:00:00,ST_HUBANDLAND,18.900000000000002,16.900000000000002,5,25
2025-07-21 10:00:00,ST_RESIDENZ,15.0,17.0,23,7
2025-07-21 10:00:00,ST_TALAVERA,14.0,14.0,10,20
2025-07-21 11:00:00,ST_HUBANDLAND,17.900000000000002,17.900000000000002,24,6
2025-07-21 11:00:00,ST_RESIDENZ,16.0,17.0,11,19
2025-07-21 11:00:00,ST_TALAVERA,15.0,15.0,6,24
2025-07-21 12:00:00,ST_HUBANDLAND,16.900000000000002,18.900000000000002,11,19
2025-07-21 12:00:00,ST_RESIDENZ,17.0,17.0,8,22
2025-07-21 12:00:00,ST_TALAVERA,14.0,16.0,7,23
2025-07-21 13:00:00,ST_HUBANDLAND,18.900000000000002,16.900000000000002,13,17
2025-07-21 13:00:00,ST_RESIDENZ,14.0,14.0,16,14
2025-07-21 13:00:00,ST_TALAVERA,13.0,13.0,21,9
2025-07-21 14:00:00,ST_HUBANDLAND,18.900000000000002,18.900000000000002,21,9
2025-07-21 14:00:00,ST_RESIDENZ,15.0,17.0,18,12
2025-07-21 14:00:00,ST_TALAVERA,16.0,15.0,11,19
2025-07-21 15:00:00,ST_HUBANDLAND,17.900000000000002,17.900000000000002,17,13
2025-07-21 15:00:00,ST_RESIDENZ,14.0,17.0,6,24
2025-07-21 15:00:00,ST_TALAVERA,16.0,16.0,9,21
2025-07-21 16:00:00,ST_HUBANDLAND,16.900000000000002,17.900000000000002,14,16
2025-07-21 16:00:00,ST_RESIDENZ,17.0,15.0,5,25
2025-07-21 16:00:00,ST_TALAVERA,16.0,16.0,5,25
2025-07-21 17:00:00,ST_HUBANDLAND,17.900000000000002,16.900000000000002,20,10
2025-07-21 17:00:00,ST_RESIDENZ,15.0,17.0,22,8
2025-07-21 17:00:00,ST_TALAVERA,16.0,16.0,12,18
2025-07-21 18:00:00,ST_HUBANDLAND,18.900000000000002,16.900000000000002,10,20
2025-07-21 18:00:00,ST_RESIDENZ,16.0,16.0,24,6
2025-07-21 18:00:00,ST_TALAVERA,12.0,12.0,16,14
2025-07-21 19:00:00,ST_HUBANDLAND,18.900000000000002,16.900000000000002,20,10
2025-07-21 19:00:00,ST_RESIDENZ,15.0,14.0,12,18
2025-07-21 19:00:00,ST_TALAVERA,12.0,14.0,18,12
2025-07-21 20:00:00,ST_HUBANDLAND,19.900000000000002,18.900000000000002,15,15
2025-07-21 20:00:00,ST_RESIDENZ,14.0,14.0,7,23
2025-07-21 20:00:00,ST_TALAVERA,15.0,15.0,20,10
2025-07-21 21:00:00,ST_HUBANDLAND,3.3,2.3,24,6
2025-07-21 21:00:00,ST_RESIDENZ,2.0,1.0,10,20
2025-07-21 21:00:00,ST_TALAVERA,5.0,4.0,14,16
2025-07-21 22:00:00,ST_HUBANDLAND,3.3,2.3,7,23
2025-07-21 22:00:00,ST_RESIDENZ,4.0,3.0,17,13
2025-07-21 22:00:00,ST_TALAVERA,2.0,4.0,19,11
2025-07-21 23:00:00,ST_HUBANDLAND,0.0,0.0,13,17
2025-07-21 23:00:00,ST_RESIDENZ,0.0,0.0,13,17
2025-07-21 23:00:00,ST_TALAVERA,0.0,1.0,19,11
