household_id,building_type,heating_type,has_solar_panels,has_electric_vehicle,n_residents,area_sqm,smart_meter_installed,monthly_consumption_kwh,energy_poverty_flag
HH_0001,Saniert,Wärmepumpe,1,0,2,77,1,202.5,0
HH_0002,Saniert,Ölheizung,0,0,2,77,0,394.5,0
HH_0003,Passivhaus,Wärmepumpe,0,0,4,77,1,156.8,0
HH_0004,Altbau,Gasheizung,0,1,1,77,1,567.8,0
HH_0005,Altbau,Gasheizung,1,0,2,77,1,389.5,0
HH_0006,Saniert,Gasheizung,0,0,2,77,1,293.7,0
HH_0007,Saniert,Gasheizung,0,0,2,77,0,303.9,0
HH_0008,Neubau,Gasheizung,1,0,3,77,0,391.5,0
HH_0009,Neubau,Ölheizung,0,0,1,77,1,294.8,0
HH_0010,Saniert,Wärmepumpe,0,1,3,77,1,430.3,0
HH_0011,Altbau,Fernwärme,0,0,2,77,1,395.8,0
HH_0012,Altbau,Gasheizung,1,0,3,77,0,624.8,0
HH_0013,Neubau,Gasheizung,0,0,1,77,1,236.7,0
HH_0014,Altbau,Wärmepumpe,0,0,3,77,1,574.2,0
HH_0015,Neubau,Ölheizung,1,0,3,77,0,550.4,0
HH_0016,Passivhaus,Wärmepumpe,0,1,5,77,1,439.1,0
HH_0017,Saniert,Ölheizung,0,0,4,77,1,606.0,0
HH_0018,Passivhaus,Fernwärme,1,0,2,77,1,67.8,0
HH_0019,Saniert,Gasheizung,0,0,1,77,0,258.9,0
HH_0020,Neubau,Gasheizung,0,0,3,77,0,541.1,0
HH_0021,Saniert,Fernwärme,0,0,3,77,0,403.0,0
HH_0022,Passivhaus,Wärmepumpe,0,0,1,77,1,78.9,0
HH_0023,Passivhaus,Gasheizung,1,0,1,77,1,50.0,0
HH_0024,Saniert,Wärmepumpe,0,0,3,77,0,311.2,0
HH_0025,Altbau,Wärmepumpe,0,0,4,77,1,698.4,0
HH_0026,Altbau,Ölheizung,1,0,4,77,1,925.1,0
HH_0027,Altbau,Gasheizung,0,0,1,77,1,305.3,0
HH_0028,Passivhaus,Gasheizung,0,1,2,77,0,479.3,0
HH_0029,Neubau,Wärmepumpe,0,0,1,77,0,213.5,0
HH_0030,Saniert,Fernwärme,0,1,2,77,1,431.6,0
HH_0031,Neubau,Wärmepumpe,0,0,3,77,0,405.2,0
HH_0032,Saniert,Ölheizung,0,0,3,77,1,486.5,0
HH_0033,Altbau,Fernwärme,0,0,2,77,1,472.0,0
HH_0034,Altbau,Wärmepumpe,1,1,1,77,0,212.6,0
HH_0035,Neubau,Gasheizung,1,0,2,77,0,339.1,0
HH_0036,Neubau,Wärmepumpe,0,0,4,77,1,506.3,0
HH_0037,Altbau,Fernwärme,0,0,2,77,0,474.2,0
HH_0038,Saniert,Fernwärme,0,0,2,77,0,233.1,0
HH_0039,Neubau,Ölheizung,0,0,3,77,1,570.5,0
HH_0040,Saniert,Wärmepumpe,1,0,3,77,1,162.6,0
HH_0041,Altbau,Wärmepumpe,1,0,4,77,1,561.7,0
HH_0042,Saniert,Gasheizung,0,0,2,77,1,332.4,0
HH_0043,Altbau,Gasheizung,0,0,2,77,0,563.3,0
HH_0044,Saniert,Gasheizung,0,0,2,77,0,343.3,0
HH_0045,Neubau,Gasheizung,0,0,4,77,1,620.7,0
HH_0046,Saniert,Wärmepumpe,1,0,3,77,1,209.1,0
HH_0047,Passivhaus,Gasheizung,1,0,4,77,1,233.9,0
HH_0048,Altbau,Wärmepumpe,0,0,1,77,0,271.2,0
HH_0049,Altbau,Wärmepumpe,0,0,3,77,0,517.4,0
HH_0050,Saniert,Wärmepumpe,0,0,2,77,0,287.2,0
HH_0051,Neubau,Wärmepumpe,1,0,1,77,1,50.0,0
HH_0052,Altbau,Gasheizung,1,0,1,77,0,296.8,0
HH_0053,Neubau,Ölheizung,0,0,3,77,0,541.8,0
HH_0054,Altbau,Gasheizung,1,0,2,77,1,404.7,0
HH_0055,Altbau,Ölheizung,0,0,4,77,1,1004.7,0
HH_0056,Neubau,Gasheizung,0,0,3,77,1,492.8,0
HH_0057,Saniert,Wärmepumpe,1,1,1,77,1,264.0,0
HH_0058,Neubau,Gasheizung,0,0,3,77,1,579.7,0
HH_0059,Neubau,Gasheizung,1,0,1,77,0,101.4,0
HH_0060,Saniert,Wärmepumpe,0,0,2,77,1,246.0,0
HH_0061,Altbau,Fernwärme,0,0,3,77,0,570.5,0
HH_0062,Saniert,Gasheizung,0,1,4,77,0,714.9,0
HH_0063,Saniert,Wärmepumpe,0,1,2,77,1,459.4,0
HH_0064,Altbau,Gasheizung,0,1,4,77,1,1166.4,1
HH_0065,Neubau,Gasheizung,0,1,3,77,1,750.5,0
HH_0066,Passivhaus,Ölheizung,0,0,2,77,1,243.0,0
HH_0067,Passivhaus,Ölheizung,0,0,2,77,1,298.9,0
HH_0068,Altbau,Wärmepumpe,1,1,3,77,1,518.0,0
HH_0069,Altbau,Gasheizung,0,0,1,77,1,356.7,0
HH_0070,Altbau,Gasheizung,1,1,4,77,1,1008.5,0
HH_0071,Neubau,Ölheizung,0,0,3,77,0,594.3,0
HH_0072,Neubau,Gasheizung,0,0,2,77,0,453.1,0
HH_0073,Neubau,Fernwärme,0,1,5,77,1,792.6,0
HH_0074,Saniert,Gasheizung,0,0,1,77,0,217.6,0
HH_0075,Altbau,Ölheizung,0,0,4,77,1,1010.5,0
HH_0076,Saniert,Gasheizung,0,0,2,77,1,376.3,0
HH_0077,Altbau,Gasheizung,0,0,3,77,1,672.2,0
HH_0078,Altbau,Wärmepumpe,1,1,2,77,1,540.8,0
HH_0079,Neubau,Ölheizung,0,0,3,77,0,572.8,0
HH_0080,Altbau,Ölheizung,1,0,1,77,1,330.1,0
HH_0081,Neubau,Fernwärme,0,0,2,77,0,323.2,0
HH_0082,Saniert,Fernwärme,1,1,1,77,0,301.7,0
HH_0083,Altbau,Wärmepumpe,0,0,4,77,1,643.7,0
HH_0084,Saniert,Fernwärme,1,0,2,77,0,208.3,0
HH_0085,Altbau,Ölheizung,0,0,3,77,0,787.4,0
HH_0086,Altbau,Wärmepumpe,0,1,4,77,1,792.7,0
HH_0087,Neubau,Wärmepumpe,0,1,4,77,1,682.8,0
HH_0088,Saniert,Wärmepumpe,0,0,1,77,1,218.7,0
HH_0089,Neubau,Wärmepumpe,1,0,4,77,1,351.2,0
HH_0090,Neubau,Ölheizung,1,1,1,77,1,393.1,0
HH_0091,Passivhaus,Gasheizung,1,0,3,77,0,179.6,0
HH_0092,Saniert,Gasheizung,0,1,3,77,1,714.3,0
HH_0093,Altbau,Wärmepumpe,1,0,1,77,1,149.5,0
HH_0094,Saniert,Gasheizung,0,0,2,77,0,349.8,0
HH_0095,Neubau,Wärmepumpe,0,0,2,77,1,253.7,0
HH_0096,Saniert,Ölheizung,1,1,2,77,1,395.1,0
HH_0097,Neubau,Wärmepumpe,0,0,4,77,0,443.9,0
HH_0098,Altbau,Ölheizung,0,0,2,77,0,618.5,0
HH_0099,Neubau,Gasheizung,0,0,4,77,0,708.0,0
HH_0100,Neubau,Ölheizung,0,1,2,77,1,674.6,0
HH_0101,Neubau,Wärmepumpe,0,0,5,77,1,512.1,0
HH_0102,Saniert,Gasheizung,0,0,3,77,1,428.2,0
HH_0103,Saniert,Wärmepumpe,1,0,4,77,1,300.1,0
HH_0104,Neubau,Ölheizung,1,0,1,77,1,168.2,0
HH_0105,Neubau,Gasheizung,1,0,3,77,1,403.3,0
HH_0106,Neubau,Wärmepumpe,0,0,1,77,1,215.9,0
HH_0107,Neubau,Ölheizung,1,0,2,77,1,369.3,0
HH_0108,Passivhaus,Gasheizung,1,0,3,77,1,87.0,0
HH_0109,Neubau,Wärmepumpe,0,1,3,77,1,505.5,0
HH_0110,Altbau,Wärmepumpe,0,1,1,77,1,387.6,0
HH_0111,Neubau,Gasheizung,0,0,2,77,1,401.3,0
HH_0112,Neubau,Wärmepumpe,0,0,3,77,1,375.2,0
HH_0113,Neubau,Gasheizung,0,0,1,77,1,236.8,0
HH_0114,Neubau,Fernwärme,0,0,2,77,1,333.8,0
HH_0115,Altbau,Gasheizung,0,0,3,77,1,767.8,0
HH_0116,Altbau,Gasheizung,0,0,1,77,1,344.1,0
HH_0117,Altbau,Wärmepumpe,0,0,3,77,1,472.1,0
HH_0118,Neubau,Gasheizung,1,0,3,77,0,492.0,0
HH_0119,Altbau,Gasheizung,1,0,4,77,0,828.7,0
HH_0120,Saniert,Fernwärme,0,0,2,77,1,242.4,0
HH_0121,Altbau,Ölheizung,0,0,4,77,0,957.9,0
HH_0122,Passivhaus,Ölheizung,0,0,1,77,1,161.4,0
HH_0123,Altbau,Wärmepumpe,0,0,2,77,1,386.0,0
HH_0124,Altbau,Ölheizung,0,0,1,77,1,393.3,0
HH_0125,Neubau,Ölheizung,1,0,4,77,1,673.6,0
HH_0126,Altbau,Wärmepumpe,0,0,3,77,1,487.8,0
HH_0127,Passivhaus,Gasheizung,1,0,1,77,1,50.0,0
HH_0128,Altbau,Gasheizung,1,1,1,77,1,483.8,0
HH_0129,Neubau,Wärmepumpe,0,0,2,77,1,247.0,0
HH_0130,Passivhaus,Ölheizung,0,0,1,77,0,151.6,0
HH_0131,Neubau,Wärmepumpe,0,1,3,77,0,555.9,0
HH_0132,Altbau,Fernwärme,0,0,3,77,1,657.8,0
HH_0133,Altbau,Gasheizung,0,0,4,77,1,975.1,1
HH_0134,Neubau,Gasheizung,1,0,5,77,1,780.2,0
HH_0135,Altbau,Wärmepumpe,1,0,3,77,1,360.8,0
HH_0136,Neubau,Ölheizung,1,0,1,77,0,176.6,0
HH_0137,Saniert,Gasheizung,0,0,2,77,1,313.2,0
HH_0138,Saniert,Ölheizung,0,0,2,77,0,331.9,0
HH_0139,Altbau,Gasheizung,0,0,2,77,1,630.0,0
HH_0140,Altbau,Wärmepumpe,0,0,3,77,1,540.3,0
HH_0141,Altbau,Wärmepumpe,0,1,5,77,1,903.6,0
HH_0142,Neubau,Ölheizung,0,1,4,77,1,915.9,0
HH_0143,Neubau,Gasheizung,0,0,1,77,1,271.8,0
HH_0144,Saniert,Gasheizung,1,0,2,77,1,265.5,0
HH_0145,Saniert,Gasheizung,1,0,4,77,1,411.6,0
HH_0146,Altbau,Ölheizung,0,0,4,77,1,1020.7,0
HH_0147,Neubau,Gasheizung,1,0,2,77,1,273.4,0
HH_0148,Altbau,Gasheizung,0,0,3,77,0,761.4,0
HH_0149,Altbau,Wärmepumpe,0,1,3,77,0,606.7,0
HH_0150,Altbau,Wärmepumpe,1,0,2,77,1,323.3,0
HH_0151,Altbau,Fernwärme,0,0,2,77,0,467.3,0
HH_0152,Neubau,Ölheizung,1,0,4,77,1,617.7,0
HH_0153,Neubau,Wärmepumpe,1,0,3,77,1,226.1,0
HH_0154,Altbau,Ölheizung,1,0,1,77,1,308.1,0
HH_0155,Passivhaus,Fernwärme,1,1,3,77,1,291.1,0
HH_0156,Neubau,Gasheizung,0,0,3,77,0,638.0,0
HH_0157,Altbau,Ölheizung,0,1,4,77,0,1176.8,1
HH_0158,Altbau,Fernwärme,0,0,2,77,1,389.5,0
HH_0159,Neubau,Wärmepumpe,0,0,5,77,0,513.5,0
HH_0160,Passivhaus,Fernwärme,0,0,1,77,0,156.1,0
HH_0161,Neubau,Wärmepumpe,1,0,3,77,1,222.5,0
HH_0162,Passivhaus,Gasheizung,0,0,3,77,1,245.5,0
HH_0163,Neubau,Fernwärme,1,0,2,77,1,236.9,0
HH_0164,Neubau,Fernwärme,1,0,2,77,1,286.1,0
HH_0165,Neubau,Fernwärme,0,1,4,77,1,830.5,0
HH_0166,Saniert,Gasheizung,0,0,3,77,1,516.0,0
HH_0167,Neubau,Ölheizung,0,0,2,77,1,444.4,0
HH_0168,Saniert,Gasheizung,0,0,1,77,1,145.0,0
HH_0169,Altbau,Gasheizung,0,0,1,77,0,387.3,0
HH_0170,Neubau,Gasheizung,0,0,1,77,1,299.0,0
HH_0171,Neubau,Gasheizung,1,0,5,77,1,685.3,0
HH_0172,Neubau,Wärmepumpe,0,0,3,77,1,384.3,0
HH_0173,Altbau,Wärmepumpe,1,0,5,77,1,621.3,0
HH_0174,Neubau,Ölheizung,1,1,1,77,0,364.5,0
HH_0175,Neubau,Ölheizung,0,0,3,77,0,628.3,0
HH_0176,Saniert,Fernwärme,0,0,1,77,1,260.4,0
HH_0177,Saniert,Wärmepumpe,1,0,3,77,1,227.9,0
HH_0178,Saniert,Fernwärme,1,0,2,77,1,188.0,0
HH_0179,Altbau,Fernwärme,0,0,1,77,0,289.5,0
HH_0180,Passivhaus,Wärmepumpe,0,0,3,77,1,218.6,0
HH_0181,Saniert,Fernwärme,0,0,2,77,0,301.5,0
HH_0182,Altbau,Wärmepumpe,0,0,3,77,1,546.7,0
HH_0183,Altbau,Gasheizung,0,0,3,77,0,758.2,0
HH_0184,Altbau,Wärmepumpe,0,0,3,77,1,483.7,0
HH_0185,Neubau,Fernwärme,1,0,5,77,1,546.4,0
HH_0186,Saniert,Fernwärme,0,0,2,77,1,267.7,0
HH_0187,Saniert,Gasheizung,0,1,2,77,0,507.3,0
HH_0188,Saniert,Wärmepumpe,0,0,4,77,0,330.2,0
HH_0189,Altbau,Ölheizung,1,0,3,77,1,682.3,0
HH_0190,Neubau,Ölheizung,0,1,1,77,0,469.2,0
HH_0191,Altbau,Gasheizung,1,1,4,77,1,1003.0,0
HH_0192,Altbau,Gasheizung,0,0,1,77,0,446.5,0
HH_0193,Saniert,Fernwärme,0,0,1,77,1,191.5,0
HH_0194,Altbau,Wärmepumpe,0,1,1,77,0,451.5,0
HH_0195,Saniert,Gasheizung,1,0,1,77,1,155.2,0
HH_0196,Neubau,Gasheizung,0,0,1,77,1,247.4,0
HH_0197,Saniert,Fernwärme,0,1,1,77,1,418.1,0
HH_0198,Altbau,Fernwärme,1,0,2,77,0,440.5,0
HH_0199,Saniert,Wärmepumpe,1,0,2,77,1,163.0,0
HH_0200,Passivhaus,Wärmepumpe,0,0,1,77,1,63.6,0
HH_0201,Saniert,Wärmepumpe,1,1,3,77,0,375.6,0
HH_0202,Saniert,Gasheizung,0,0,2,77,1,401.1,0
HH_0203,Saniert,Wärmepumpe,0,0,1,77,1,184.4,0
HH_0204,Neubau,Gasheizung,0,0,2,77,0,387.0,0
HH_0205,Saniert,Wärmepumpe,0,0,2,77,1,281.3,0
HH_0206,Saniert,Gasheizung,0,1,2,77,1,525.7,0
HH_0207,Neubau,Fernwärme,0,0,2,77,0,327.5,0
HH_0208,Saniert,Wärmepumpe,0,0,3,77,0,353.6,0
HH_0209,Neubau,Gasheizung,0,1,3,77,1,724.9,0
HH_0210,Altbau,Gasheizung,0,0,4,77,1,934.2,0
HH_0211,Neubau,Gasheizung,0,0,2,77,0,442.9,0
HH_0212,Altbau,Wärmepumpe,0,0,2,77,1,352.0,0
HH_0213,Neubau,Gasheizung,0,1,2,77,1,611.9,0
HH_0214,Altbau,Gasheizung,1,0,3,77,0,598.8,0
HH_0215,Neubau,Wärmepumpe,0,0,1,77,1,221.1,0
HH_0216,Saniert,Fernwärme,0,0,2,77,1,258.4,0
HH_0217,Neubau,Gasheizung,0,0,2,77,0,434.7,0
HH_0218,Altbau,Wärmepumpe,1,0,3,77,1,423.5,0
HH_0219,Neubau,Ölheizung,0,1,4,77,1,962.8,1
HH_0220,Altbau,Ölheizung,0,0,4,77,0,988.0,0
HH_0221,Neubau,Gasheizung,0,0,1,77,0,372.8,0
HH_0222,Neubau,Fernwärme,1,0,2,77,0,227.6,0
HH_0223,Passivhaus,Wärmepumpe,0,0,4,77,0,265.3,0
HH_0224,Altbau,Ölheizung,0,0,2,77,0,640.0,0
HH_0225,Saniert,Wärmepumpe,0,1,2,77,1,491.3,0
HH_0226,Saniert,Fernwärme,0,0,3,77,1,400.9,0
HH_0227,Passivhaus,Fernwärme,0,0,3,77,0,267.4,0
HH_0228,Altbau,Wärmepumpe,1,0,5,77,1,615.7,0
HH_0229,Neubau,Fernwärme,0,1,3,77,0,626.6,0
HH_0230,Altbau,Gasheizung,0,0,2,77,0,529.4,0
HH_0231,Neubau,Gasheizung,0,1,2,77,0,525.0,0
HH_0232,Altbau,Wärmepumpe,0,1,4,77,0,837.5,0
HH_0233,Saniert,Ölheizung,0,1,3,77,1,687.5,0
HH_0234,Altbau,Wärmepumpe,0,1,3,77,0,686.7,0
HH_0235,Neubau,Wärmepumpe,1,0,5,77,1,421.4,0
HH_0236,Neubau,Wärmepumpe,0,1,3,77,0,503.0,0
HH_0237,Passivhaus,Gasheizung,0,0,2,77,0,231.2,0
HH_0238,Saniert,Gasheizung,1,1,3,77,1,561.2,0
HH_0239,Altbau,Fernwärme,0,0,3,77,0,555.6,0
HH_0240,Altbau,Ölheizung,1,0,1,77,1,246.7,0
HH_0241,Altbau,Gasheizung,0,0,2,77,0,597.4,0
HH_0242,Saniert,Wärmepumpe,0,1,3,77,1,481.9,0
HH_0243,Saniert,Gasheizung,0,0,2,77,1,346.5,0
HH_0244,Neubau,Gasheizung,0,0,3,77,0,528.1,0
HH_0245,Altbau,Gasheizung,0,1,2,77,1,731.5,0
HH_0246,Saniert,Wärmepumpe,1,0,5,77,1,406.1,0
HH_0247,Neubau,Gasheizung,1,0,2,77,0,384.5,0
HH_0248,Passivhaus,Gasheizung,0,0,1,77,1,105.7,0
HH_0249,Neubau,Fernwärme,1,0,2,77,0,233.0,0
HH_0250,Altbau,Ölheizung,0,0,2,77,0,557.3,0
HH_0251,Neubau,Gasheizung,1,1,2,77,0,441.0,0
HH_0252,Altbau,Fernwärme,0,0,2,77,1,455.2,0
HH_0253,Saniert,Gasheizung,1,0,3,77,0,379.4,0
HH_0254,Saniert,Ölheizung,0,0,2,77,0,371.7,0
HH_0255,Altbau,Fernwärme,1,1,3,77,1,699.9,0
HH_0256,Altbau,Fernwärme,1,0,3,77,0,528.8,0
HH_0257,Altbau,Gasheizung,0,0,3,77,1,741.6,0
HH_0258,Passivhaus,Wärmepumpe,0,0,2,77,0,135.8,0
HH_0259,Altbau,Wärmepumpe,1,1,3,77,1,623.1,0
HH_0260,Altbau,Gasheizung,0,1,2,77,1,787.7,0
HH_0261,Altbau,Gasheizung,0,0,4,77,0,936.0,0
HH_0262,Neubau,Wärmepumpe,0,0,4,77,0,482.9,0
HH_0263,Saniert,Fernwärme,1,0,2,77,1,234.0,0
HH_0264,Saniert,Gasheizung,0,0,1,77,1,218.4,0
HH_0265,Altbau,Wärmepumpe,0,0,1,77,0,277.5,0
HH_0266,Saniert,Gasheizung,1,0,2,77,0,309.6,0
HH_0267,Neubau,Gasheizung,0,0,3,77,0,566.6,0
HH_0268,Passivhaus,Wärmepumpe,0,1,3,77,1,397.7,0
HH_0269,Altbau,Gasheizung,0,0,2,77,1,559.9,0
HH_0270,Altbau,Wärmepumpe,1,0,3,77,0,352.4,0
HH_0271,Neubau,Gasheizung,0,0,4,77,0,630.4,0
HH_0272,Altbau,Wärmepumpe,0,0,3,77,0,497.8,0
HH_0273,Altbau,Wärmepumpe,1,0,1,77,0,173.6,0
HH_0274,Saniert,Ölheizung,0,0,3,77,1,512.3,0
HH_0275,Saniert,Gasheizung,1,0,2,77,1,162.3,0
HH_0276,Neubau,Fernwärme,0,1,4,77,0,774.3,0
HH_0277,Saniert,Gasheizung,1,1,2,77,1,368.3,0
HH_0278,Neubau,Wärmepumpe,0,0,2,77,0,286.5,0
HH_0279,Neubau,Wärmepumpe,1,1,3,77,1,466.8,0
HH_0280,Neubau,Gasheizung,0,0,2,77,1,431.2,0
HH_0281,Saniert,Wärmepumpe,0,0,3,77,0,270.4,0
HH_0282,Altbau,Gasheizung,1,0,1,77,1,242.0,0
HH_0283,Altbau,Gasheizung,0,0,3,77,0,736.2,0
HH_0284,Neubau,Gasheizung,1,1,1,77,1,285.7,0
HH_0285,Neubau,Fernwärme,0,0,2,77,1,378.1,0
HH_0286,Saniert,Fernwärme,0,0,3,77,0,362.3,0
HH_0287,Neubau,Gasheizung,1,0,1,77,1,193.8,0
HH_0288,Altbau,Wärmepumpe,0,1,2,77,1,645.6,0
HH_0289,Altbau,Gasheizung,1,1,3,77,1,949.4,1
HH_0290,Altbau,Gasheizung,0,0,3,77,1,711.4,0
HH_0291,Saniert,Fernwärme,0,0,1,77,0,237.7,0
HH_0292,Neubau,Wärmepumpe,1,0,3,77,1,240.4,0
HH_0293,Saniert,Gasheizung,0,0,1,77,1,176.7,0
HH_0294,Neubau,Gasheizung,0,0,2,77,1,438.5,0
HH_0295,Saniert,Fernwärme,1,0,2,77,1,142.9,0
HH_0296,Passivhaus,Gasheizung,0,0,1,77,0,102.9,0
HH_0297,Saniert,Gasheizung,0,0,5,77,0,685.7,0
HH_0298,Saniert,Fernwärme,1,0,1,77,1,154.7,0
HH_0299,Neubau,Wärmepumpe,1,0,3,77,1,186.9,0
HH_0300,Passivhaus,Wärmepumpe,0,1,4,77,1,494.1,0
HH_0301,Saniert,Ölheizung,0,0,5,77,1,759.3,0
HH_0302,Passivhaus,Gasheizung,1,0,2,77,1,50.0,0
HH_0303,Neubau,Fernwärme,0,0,4,77,1,520.0,0
HH_0304,Saniert,Gasheizung,0,0,5,77,1,696.0,0
HH_0305,Neubau,Wärmepumpe,1,0,1,77,1,118.9,0
HH_0306,Altbau,Ölheizung,0,1,2,77,1,766.9,0
HH_0307,Neubau,Wärmepumpe,0,0,1,77,1,233.4,0
HH_0308,Saniert,Fernwärme,1,0,3,77,0,395.9,0
HH_0309,Altbau,Fernwärme,1,0,3,77,0,531.5,0
HH_0310,Neubau,Gasheizung,1,0,2,77,0,292.4,0
HH_0311,Neubau,Fernwärme,0,1,3,77,0,666.9,0
HH_0312,Neubau,Ölheizung,0,0,1,77,0,255.2,0
HH_0313,Saniert,Wärmepumpe,1,1,4,77,1,493.9,0
HH_0314,Saniert,Gasheizung,0,1,1,77,1,406.8,0
HH_0315,Neubau,Gasheizung,1,0,3,77,0,434.4,0
HH_0316,Altbau,Gasheizung,0,0,1,77,1,396.2,0
HH_0317,Neubau,Gasheizung,1,0,2,77,1,313.6,0
HH_0318,Neubau,Wärmepumpe,0,1,3,77,0,606.3,0
HH_0319,Neubau,Gasheizung,0,0,2,77,1,457.0,0
HH_0320,Altbau,Gasheizung,0,0,2,77,0,548.5,0
HH_0321,Neubau,Wärmepumpe,1,0,4,77,1,282.6,0
HH_0322,Altbau,Wärmepumpe,0,0,1,77,0,256.1,0
HH_0323,Saniert,Wärmepumpe,0,1,4,77,1,588.5,0
HH_0324,Altbau,Fernwärme,0,0,1,77,1,295.1,0
HH_0325,Neubau,Gasheizung,0,0,1,77,0,239.4,0
HH_0326,Altbau,Gasheizung,1,0,1,77,1,282.5,0
HH_0327,Passivhaus,Gasheizung,0,0,5,77,0,455.6,0
HH_0328,Neubau,Wärmepumpe,0,0,1,77,1,179.7,0
HH_0329,Altbau,Gasheizung,0,0,4,77,1,944.4,0
HH_0330,Neubau,Fernwärme,1,0,5,77,1,576.0,0
HH_0331,Saniert,Gasheizung,1,0,2,77,0,270.9,0
HH_0332,Saniert,Ölheizung,0,0,3,77,0,545.3,0
HH_0333,Saniert,Wärmepumpe,0,0,3,77,1,312.7,0
HH_0334,Altbau,Wärmepumpe,0,1,2,77,0,551.1,0
HH_0335,Saniert,Fernwärme,1,1,1,77,1,147.7,0
HH_0336,Saniert,Fernwärme,0,0,2,77,1,264.7,0
HH_0337,Neubau,Wärmepumpe,1,0,3,77,1,314.1,0
HH_0338,Saniert,Ölheizung,0,1,3,77,0,716.0,0
HH_0339,Altbau,Wärmepumpe,1,0,2,77,1,223.7,0
HH_0340,Altbau,Fernwärme,0,1,1,77,1,490.7,0
HH_0341,Saniert,Gasheizung,1,1,4,77,1,759.3,0
HH_0342,Neubau,Fernwärme,0,0,1,77,1,197.9,0
HH_0343,Altbau,Gasheizung,0,0,3,77,0,802.6,0
HH_0344,Neubau,Gasheizung,1,0,1,77,0,150.0,0
HH_0345,Saniert,Fernwärme,0,0,4,77,0,570.6,0
HH_0346,Altbau,Gasheizung,0,1,4,77,1,1071.1,0
HH_0347,Altbau,Gasheizung,1,1,2,77,0,682.8,0
HH_0348,Altbau,Gasheizung,0,0,1,77,1,349.2,0
HH_0349,Passivhaus,Fernwärme,0,0,2,77,1,163.3,0
HH_0350,Passivhaus,Ölheizung,0,0,2,77,1,270.8,0
HH_0351,Neubau,Fernwärme,0,0,2,77,0,310.3,0
HH_0352,Neubau,Fernwärme,1,0,3,77,1,301.7,0
HH_0353,Altbau,Wärmepumpe,0,1,2,77,1,556.8,0
HH_0354,Altbau,Gasheizung,0,0,2,77,0,627.6,0
HH_0355,Saniert,Gasheizung,0,0,3,77,0,490.0,0
HH_0356,Altbau,Wärmepumpe,0,0,3,77,1,544.9,0
HH_0357,Neubau,Gasheizung,1,0,2,77,0,216.5,0
HH_0358,Neubau,Gasheizung,1,0,3,77,0,440.2,0
HH_0359,Altbau,Wärmepumpe,0,0,3,77,0,552.2,0
HH_0360,Neubau,Fernwärme,0,0,3,77,0,453.8,0
HH_0361,Neubau,Gasheizung,1,1,2,77,1,474.5,0
HH_0362,Saniert,Fernwärme,0,0,1,77,1,199.8,0
HH_0363,Altbau,Fernwärme,0,0,4,77,1,714.3,0
HH_0364,Altbau,Fernwärme,0,1,4,77,1,994.3,0
HH_0365,Neubau,Ölheizung,0,1,3,77,1,802.6,0
HH_0366,Passivhaus,Gasheizung,1,0,1,77,1,137.7,0
HH_0367,Altbau,Wärmepumpe,0,0,3,77,0,504.6,0
HH_0368,Passivhaus,Ölheizung,1,1,4,77,1,472.9,0
HH_0369,Saniert,Wärmepumpe,0,0,2,77,0,221.2,0
HH_0370,Saniert,Fernwärme,0,0,1,77,1,223.2,0
HH_0371,Altbau,Wärmepumpe,1,0,3,77,0,368.7,0
HH_0372,Altbau,Wärmepumpe,1,0,4,77,0,533.1,0
HH_0373,Altbau,Gasheizung,1,0,1,77,0,288.1,0
HH_0374,Neubau,Ölheizung,0,0,3,77,0,579.3,0
HH_0375,Passivhaus,Fernwärme,1,1,3,77,1,355.9,0
HH_0376,Altbau,Ölheizung,0,1,3,77,0,993.9,1
HH_0377,Neubau,Fernwärme,0,1,3,77,1,580.8,0
HH_0378,Altbau,Gasheizung,0,0,3,77,1,704.5,0
HH_0379,Saniert,Gasheizung,0,0,1,77,1,212.6,0
HH_0380,Altbau,Ölheizung,1,1,2,77,0,642.3,0
HH_0381,Altbau,Gasheizung,1,0,3,77,1,618.4,0
HH_0382,Altbau,Gasheizung,0,0,1,77,0,442.2,1
HH_0383,Saniert,Wärmepumpe,0,0,3,77,1,289.8,0
HH_0384,Altbau,Wärmepumpe,1,0,3,77,1,393.1,0
HH_0385,Altbau,Fernwärme,0,0,2,77,1,540.7,0
HH_0386,Altbau,Wärmepumpe,0,0,3,77,0,448.0,0
HH_0387,Passivhaus,Fernwärme,0,1,2,77,1,347.5,0
HH_0388,Neubau,Ölheizung,0,0,2,77,1,502.3,0
HH_0389,Saniert,Gasheizung,1,1,2,77,1,342.7,0
HH_0390,Saniert,Gasheizung,0,1,4,77,1,678.0,0
HH_0391,Altbau,Wärmepumpe,0,0,2,77,0,434.1,0
HH_0392,Neubau,Ölheizung,1,0,3,77,0,521.8,0
HH_0393,Altbau,Gasheizung,0,0,1,77,0,402.2,0
HH_0394,Neubau,Gasheizung,1,0,1,77,1,210.8,0
HH_0395,Neubau,Fernwärme,0,0,1,77,0,222.9,0
HH_0396,Neubau,Wärmepumpe,1,0,3,77,1,278.4,0
HH_0397,Altbau,Ölheizung,0,0,2,77,1,550.8,0
HH_0398,Altbau,Ölheizung,0,0,2,77,1,608.7,0
HH_0399,Saniert,Wärmepumpe,0,0,3,77,1,317.2,0
HH_0400,Saniert,Wärmepumpe,0,0,1,77,0,154.7,0
HH_0401,Altbau,Gasheizung,1,0,2,77,1,464.6,0
HH_0402,Altbau,Fernwärme,0,0,2,77,1,410.7,0
HH_0403,Saniert,Fernwärme,0,0,2,77,1,238.5,0
HH_0404,Saniert,Gasheizung,0,1,3,77,0,651.8,0
HH_0405,Passivhaus,Gasheizung,1,0,2,77,0,132.0,0
HH_0406,Altbau,Ölheizung,1,0,2,77,0,482.2,0
HH_0407,Neubau,Wärmepumpe,0,0,4,77,1,487.5,0
HH_0408,Altbau,Fernwärme,0,0,4,77,0,749.4,0
HH_0409,Neubau,Gasheizung,0,0,4,77,1,665.3,0
HH_0410,Altbau,Wärmepumpe,0,0,4,77,1,574.8,0
HH_0411,Altbau,Fernwärme,0,1,3,77,1,773.8,0
HH_0412,Altbau,Gasheizung,0,0,3,77,0,723.8,0
HH_0413,Saniert,Wärmepumpe,1,0,3,77,1,188.2,0
HH_0414,Neubau,Gasheizung,1,0,3,77,1,416.2,0
HH_0415,Neubau,Wärmepumpe,0,0,3,77,0,299.5,0
HH_0416,Saniert,Ölheizung,0,1,1,77,1,483.4,0
HH_0417,Saniert,Wärmepumpe,1,0,4,77,0,253.2,0
HH_0418,Neubau,Ölheizung,0,1,3,77,1,741.5,0
HH_0419,Passivhaus,Ölheizung,0,0,4,77,0,439.8,0
HH_0420,Neubau,Ölheizung,1,0,1,77,1,294.6,0
HH_0421,Altbau,Ölheizung,0,0,2,77,1,613.2,0
HH_0422,Passivhaus,Gasheizung,0,0,2,77,0,190.3,0
HH_0423,Altbau,Ölheizung,0,1,2,77,1,755.0,0
HH_0424,Neubau,Gasheizung,0,0,1,77,1,274.4,0
HH_0425,Altbau,Gasheizung,0,0,2,77,1,571.7,0
HH_0426,Neubau,Gasheizung,0,1,1,77,0,483.8,0
HH_0427,Neubau,Gasheizung,0,0,2,77,0,421.4,0
HH_0428,Altbau,Wärmepumpe,1,0,3,77,1,362.1,0
HH_0429,Neubau,Wärmepumpe,0,0,4,77,0,446.8,0
HH_0430,Saniert,Gasheizung,0,0,1,77,1,279.1,0
HH_0431,Altbau,Wärmepumpe,0,0,3,77,0,523.3,0
HH_0432,Neubau,Wärmepumpe,0,0,1,77,0,166.9,0
HH_0433,Altbau,Fernwärme,1,1,1,77,1,410.1,0
HH_0434,Saniert,Gasheizung,0,0,3,77,1,501.2,0
HH_0435,Saniert,Gasheizung,0,1,3,77,1,638.5,0
HH_0436,Saniert,Gasheizung,0,0,4,77,1,561.9,0
HH_0437,Altbau,Gasheizung,0,0,2,77,1,509.3,0
HH_0438,Altbau,Wärmepumpe,0,0,4,77,1,647.4,0
HH_0439,Altbau,Wärmepumpe,0,1,1,77,1,494.6,0
HH_0440,Altbau,Gasheizung,0,0,2,77,1,664.8,0
HH_0441,Neubau,Gasheizung,1,0,1,77,1,231.3,0
HH_0442,Passivhaus,Gasheizung,1,0,3,77,1,123.5,0
HH_0443,Neubau,Ölheizung,1,1,2,77,1,532.8,0
HH_0444,Passivhaus,Gasheizung,1,1,1,77,0,269.5,0
HH_0445,Altbau,Fernwärme,1,0,3,77,0,520.5,0
HH_0446,Passivhaus,Fernwärme,1,0,1,77,0,52.0,0
HH_0447,Altbau,Gasheizung,0,0,1,77,0,360.8,0
HH_0448,Passivhaus,Ölheizung,0,1,1,77,0,322.6,0
HH_0449,Altbau,Fernwärme,1,0,1,77,1,230.6,0
HH_0450,Passivhaus,Fernwärme,0,0,3,77,1,245.1,0
HH_0451,Altbau,Wärmepumpe,0,1,3,77,0,684.1,0
HH_0452,Altbau,Wärmepumpe,0,0,2,77,1,323.7,0
HH_0453,Neubau,Gasheizung,0,0,2,77,1,418.9,0
HH_0454,Neubau,Gasheizung,0,0,4,77,1,634.6,0
HH_0455,Saniert,Fernwärme,0,0,2,77,0,292.1,0
HH_0456,Passivhaus,Ölheizung,0,0,3,77,1,406.7,0
HH_0457,Neubau,Gasheizung,1,0,2,77,0,295.3,0
HH_0458,Saniert,Fernwärme,1,0,2,77,0,152.1,0
HH_0459,Altbau,Fernwärme,1,0,5,77,0,751.3,0
HH_0460,Neubau,Gasheizung,1,0,3,77,1,393.6,0
HH_0461,Neubau,Wärmepumpe,0,1,1,77,1,390.0,0
HH_0462,Saniert,Wärmepumpe,0,0,2,77,0,204.6,0
HH_0463,Neubau,Fernwärme,0,0,2,77,0,313.6,0
HH_0464,Saniert,Fernwärme,1,0,2,77,1,100.9,0
HH_0465,Altbau,Gasheizung,0,0,4,77,1,900.2,0
HH_0466,Altbau,Wärmepumpe,1,1,4,77,0,687.0,0
HH_0467,Neubau,Fernwärme,0,0,1,77,1,216.7,0
HH_0468,Altbau,Fernwärme,1,0,2,77,1,307.1,0
HH_0469,Altbau,Gasheizung,0,1,3,77,0,874.9,1
HH_0470,Altbau,Wärmepumpe,1,0,2,77,1,258.1,0
HH_0471,Saniert,Ölheizung,0,0,3,77,0,596.9,0
HH_0472,Altbau,Gasheizung,0,1,3,77,1,909.1,0
HH_0473,Saniert,Wärmepumpe,0,0,3,77,1,306.0,0
HH_0474,Altbau,Fernwärme,1,0,3,77,0,414.6,0
HH_0475,Altbau,Gasheizung,0,0,3,77,1,735.1,0
HH_0476,Neubau,Ölheizung,1,1,5,77,1,990.3,0
HH_0477,Neubau,Gasheizung,1,0,2,77,0,256.2,0
HH_0478,Neubau,Gasheizung,1,0,4,77,0,559.8,0
HH_0479,Neubau,Gasheizung,0,1,1,77,0,426.5,0
HH_0480,Altbau,Gasheizung,0,0,2,77,1,587.3,0
HH_0481,Saniert,Gasheizung,0,0,1,77,1,212.4,0
HH_0482,Neubau,Fernwärme,1,0,3,77,1,283.4,0
HH_0483,Altbau,Gasheizung,1,0,1,77,1,252.3,0
HH_0484,Saniert,Ölheizung,1,0,4,77,1,456.0,0
HH_0485,Saniert,Wärmepumpe,0,1,3,77,1,465.5,0
HH_0486,Neubau,Wärmepumpe,0,0,1,77,1,153.7,0
HH_0487,Saniert,Wärmepumpe,1,0,3,77,1,224.2,0
HH_0488,Passivhaus,Fernwärme,0,0,4,77,1,315.5,0
HH_0489,Neubau,Wärmepumpe,1,0,3,77,0,236.4,0
HH_0490,Altbau,Gasheizung,0,0,1,77,0,396.6,0
HH_0491,Passivhaus,Ölheizung,0,0,4,77,0,375.8,0
HH_0492,Altbau,Wärmepumpe,1,0,3,77,1,379.9,0
HH_0493,Altbau,Gasheizung,0,1,2,77,1,694.5,0
HH_0494,Altbau,Wärmepumpe,0,0,2,77,0,347.4,0
HH_0495,Saniert,Wärmepumpe,1,0,2,77,1,94.5,0
HH_0496,Passivhaus,Gasheizung,1,0,4,77,1,290.8,0
HH_0497,Neubau,Fernwärme,1,1,2,77,1,369.0,0
HH_0498,Passivhaus,Fernwärme,1,1,1,77,0,198.1,0
HH_0499,Altbau,Fernwärme,0,0,4,77,1,820.4,0
HH_0500,Altbau,Wärmepumpe,0,0,1,77,0,229.9,0
